id	tick_lower	tick_upper	ticks	deposited_token0	deposited_token1	collected_token0	collected_token1	total_deposited_usd	total_profit_usd	apr_30d	apr	in_range	in_range_swaps	impermanent_loss	price_lower	price_upper	price_range	price_mid	wallet	auto_rebalance	cutoff_tick_low	cutoff_tick_high	buffer_ticks_below	buffer_ticks_above	tick_spaces_below	tick_spaces_above	dust_bp
7583	5	10	5	66559.760967	88751.382794	155254.114346	0.0	155311.143761	2720.7943004112717	7.51	91.35	96	0		1.0005	1.001	0.0005	1.0008	0xb3bfb32977cfd6200ab9537e3703e501d8381c9b	true	-887272	887272	0	0	1	2	2000
8023	0	10	10	6832.550706	15835.220328	5346.383381	17322.474748	22667.771034	140.4483064127409	4.65	56.54	100	0	2.2882626904419115e-07	1.0	1.001	0.001	1.0005	0xc40f6f6ade14de9aa40e5a868aa8db4ae2ab5be4	true	-887272	887272	0	0	1	1	2000
7361	5	15	10	2669.185167	921.352841	3589.959407	0.0	3590.538008	46.37266734049816	4.31	52.38	82	0	5.9376841665e-06	1.0005	1.0015	0.001	1.001	0x3214e141bdae08be1f382a885cf3d2a448a5e780	true	-887272	887272	0	0	29	30	100
8385	0	15	15	366.890907	285.236945	345.431344	306.711114	652.1278520000001	1.5949754684651427	3.67	44.64	100	0		1.0	1.0015	0.0015	1.0008	0x4b2c88573f8f2baee29d5a1b68651afc868475a0	true	-887272	887272	0	0	2	1	1000
135390	35	40	5	8265.007346	7832.896673	0.0	16129.961667	16097.904019	13.748729120935524	2.56	31.17	100	0	4.337971204471103e-07	1.0035	1.004	0.0005	1.0038	0xb0bada5d45d939a03c6d211d24a61a4418d7cd13	true	-887272	887272	0	0	0	0	100
135470	40	45	5	12008.465631	4068.372586	16060.342505	0.0	16076.838217	9.186300199950018	1.71	20.86	100	0		1.004	1.0045	0.0005	1.0043	0xb0bada5d45d939a03c6d211d24a61a4418d7cd13	true	-887272	887272	0	0	0	0	100
86371	0	5	5	632.014514	317.986606	705.487807	244.502435	950.00112	0.540180420624647	1.71	20.75	100	0		1.0	1.0005	0.0005	1.0003	0xd73c5d65f32f2a90c3a137bd57e294b53d3a2074	0	0	0	0	0	0	0	0
135633	35	40	5	6331.055688	9764.742572	16060.209675	0.0	16095.79826	8.553584394987983	1.59	19.4	10	0		1.0035	1.004	0.0005	1.0038	0xb0bada5d45d939a03c6d211d24a61a4418d7cd13	true	-887272	887272	0	0	0	0	100
137609	20	25	5	450.338289	5443.339497	2348.512782	3540.659281	5893.677786	14.657924602241868	1.49	18.16	100	0		1.002	1.0025	0.0005	1.0023	0xb0bada5d45d939a03c6d211d24a61a4418d7cd13	true	-887272	887272	0	0	0	0	200
225044	0	5	5	527.140772	2216.022651	0.0	2743.401703	2743.163423	8.192557551846232	1.49	18.17	100	0		1.0	1.0005	0.0005	1.0003	0xb0bada5d45d939a03c6d211d24a61a4418d7cd13	true	-887272	887272	0	0	0	0	100
225150	0	5	5	638.809049	1192.045422	824.099154	1006.699685	1830.854471	4.558187138309806	1.49	18.17	100	0	3.668770731657389e-07	1.0	1.0005	0.0005	1.0003	0xa1eca898ad4a4909c527c78b559ffdad005e761d	0	0	0	0	0	0	0	0
225048	0	5	5	215.806936	818.143263	0.0	1034.045193	1033.950199	3.045075435305903	1.47	17.92	100	0		1.0	1.0005	0.0005	1.0003	0xb0bada5d45d939a03c6d211d24a61a4418d7cd13	true	-887272	887272	0	0	0	0	100
135668	35	40	5	3048.900868	2977.889798	6016.020754	0.0	6026.790666000001	2.855101906287372	1.42	17.29	100	0	2.5003205172e-06	1.0035	1.004	0.0005	1.0038	0x83f1cdd65a7b50c65077ea97ad203cc6cc015ca3	0	0	0	0	0	0	0	0
86908	0	5	5	18239.089479	8786.287976	0.0	27031.420011	27025.377455	59.04872245603823	1.31	15.95	99	0		1.0	1.0005	0.0005	1.0003	0x55531a61506fc139c7c281c03b540c714bbb3752	0	0	0	0	0	0	0	0
135067	5	25	20	688.853119	1656.789815	121.467425	2225.398979	2345.642934	1.026526117118411	1.31	15.97	88	0		1.0005	1.0025	0.002	1.0015	0x66a0f5491c5ace4e491fb8a90da3af1c2b9ac233	0	0	0	0	0	2	1	0
135189	20	25	5	235.976074	14083.384805	0.0	14319.95055	14319.360879	5.862610727133508	1.23	14.94	0	0	1.53332242014e-05	1.002	1.0025	0.0005	1.0023	0xb0bada5d45d939a03c6d211d24a61a4418d7cd13	true	-887272	887272	0	0	0	0	100
103210	0	5	5	3606.773466	3955.649428	4539.711768	3022.495921	7562.422894	3.045203531170137	1.21	14.7	100	0		1.0	1.0005	0.0005	1.0003	0x35dabbf0190cb68dee6d58b7ebfd28dd34959879	0	0	0	0	0	0	0	0
227984	0	5	5	970.358941	1384.19919	0.0	2354.943374	2354.558131	5.208408778097118	1.11	13.46	100	0		1.0	1.0005	0.0005	1.0003	0x66a0f5491c5ace4e491fb8a90da3af1c2b9ac233	0	0	0	0	0	0	0	0
246531	0	5	5	259.533059	209.907631	9.684378	459.845418	469.44069	0.511216115303253	1.09	13.25	100	0	4.3685711714758213e-07	1.0	1.0005	0.0005	1.0003	0x6f27486b6c9a7a7fef4a6186aa9c0ba746a5a0dd	0	0	0	0	0	0	0	0
137252	20	35	15	17883.812505	26541.442002	34600.054207	9781.473535	44425.254507000005	15.73969348615978	1.06	12.93	100	0	4.047399027e-06	1.002	1.0035	0.0015	1.0028	0x1852cb2d91b0b367fcbdb809bd35cac4841b2a1a	0	0	0	0	0	1	1	0
135389	20	45	25	962.413971	2724.737589	3177.299718	502.990129	3687.15156	2.599400904299163	1.06	12.87	100	0	3.27285373802e-05	1.002	1.0045	0.0025	1.0033	0xdc4eb419f1f6f1d8321f8c1ac01ffe03645aa133	0	0	0	0	0	0	0	0
106663	0	5	5	810.99683	845.549205	473.598403	1183.10617	1656.546035	1.6989263830946553	1.03	12.48	99	0	1.46005648571e-05	1.0	1.0005	0.0005	1.0003	0x83cac2cffc90b22fb063bfacfce4cb8544724cda	0	0	0	0	0	0	0	0
140300	20	25	5	2195.070318	4306.241105	1742.873852	4759.500675	6501.311423	6.482726815362367	1.0	12.13	100	0		1.002	1.0025	0.0005	1.0023	0xb7932b64b728d113301d298d15ceddb0bf9a25f7	true	0	39	0	0	0	0	100
140533	20	25	5	2738.743048	4834.744538	7563.078799	0.004552	7573.487585999999	13.894263149438622	0.92	11.16	100	0	5.1945469814e-06	1.002	1.0025	0.0005	1.0023	0xee7cffb7b27f825dda9e6e5e7aff507e05f39990	true	-887272	887272	0	0	0	0	100
86106	0	5	5	9122.051628	4575.677352	10002.133371	3695.462697	13697.72898	4.184880067584063	0.92	11.15	100	0		1.0	1.0005	0.0005	1.0003	0xdddcd66893097ba4fb6086aeea5c199245477c45	0	0	0	0	0	0	0	0
20450	0	5	5	3829.672193	3421.090879	3503.0583	3747.785498	7250.763072	2.218750462191785	0.92	11.17	100	0	6.143008324244192e-09	1.0	1.0005	0.0005	1.0003	0x3352cfe4b92b354c9e56382a6fc6d7462fea9ba2	0	0	0	0	0	0	0	0
262609	0	5	5	2332.123633	3653.308771	567.097821	5419.022657	5985.432404	1.7746448802130317	0.89	10.82	100	0	2.0097110642325333e-07	1.0	1.0005	0.0005	1.0003	0xacf89c236462a336917817b1d91fde5488ffb3ac	0	0	0	0	0	0	0	0
233969	0	5	5	22.426396	5.804787	0.0	28.237942	28.231183	0.0502576522413728	0.89	10.83	87	0		1.0	1.0005	0.0005	1.0003	0xf9d4fd46e2d1435e7bac9bcee6fa9536e76e5101	0	0	0	0	0	0	0	0
141597	20	25	5	13387.098899	30999.131833	44319.016895	0.026677	44386.230732	76.89622153672227	0.87	10.54	95	0		1.002	1.0025	0.0005	1.0023	0x1852cb2d91b0b367fcbdb809bd35cac4841b2a1a	0	0	0	0	0	0	0	0
605163	15	20	5	8541.336592	1419.366992	9958.525822	0.0	9960.703584	2.7364670805571087	0.82	10.03	99	0		1.0015	1.002	0.0005	1.0018	0xb0bada5d45d939a03c6d211d24a61a4418d7cd13	true	-887272	887272	0	0	0	0	50
586150	15	20	5	9476.970754	490.767448	0.0	9984.453258	9967.738202	2.68215957691366	0.81	9.82	100	0	2.7285834924e-06	1.0015	1.002	0.0005	1.0018	0xb0bada5d45d939a03c6d211d24a61a4418d7cd13	true	-887272	887272	0	0	0	0	50
586152	15	20	5	2210.801667	140.974537	0.0	2355.681436	2351.776204	0.6327464342541397	0.81	9.82	100	0	3.9933910844e-06	1.0015	1.002	0.0005	1.0018	0xb0bada5d45d939a03c6d211d24a61a4418d7cd13	true	-887272	887272	0	0	0	0	100
258303	0	5	5	575.071268	927.195437	0.0	1502.499231	1502.266705	0.7883988779253738	0.79	9.58	85	0		1.0	1.0005	0.0005	1.0003	0x0b776552c1aef1dc33005dd25acda22493b6615d	0	0	0	0	0	0	0	0
135644	30	45	15	20780.284815	23661.84521	44361.853151	0.0	44442.130025	11.40378980327974	0.77	9.37	100	0		1.003	1.0045	0.0015	1.0038	0x1852cb2d91b0b367fcbdb809bd35cac4841b2a1a	0	0	0	0	0	1	1	0
586191	15	20	5	12386.536517	320.588421	1903.682387	10821.689785	12707.124938	3.2600233459034498	0.77	9.36	100	0		1.0015	1.002	0.0005	1.0018	0xb0bada5d45d939a03c6d211d24a61a4418d7cd13	true	-887272	887272	0	0	0	0	100
144345	20	25	5	236.961498	613.79911	849.426127	0.000511	850.760608	1.307481701500139	0.77	9.35	82	0		1.002	1.0025	0.0005	1.0023	0x9fb7ed50fc5bace2e7e1101e8fd6805c9a678c84	0	0	0	0	0	0	0	0
107481	0	5	5	422.86754	428.392816	0.0	851.419288	851.260356	0.8791973540805825	0.77	9.42	73	0		1.0	1.0005	0.0005	1.0003	0x9fb7ed50fc5bace2e7e1101e8fd6805c9a678c84	0	0	0	0	0	0	0	0
107901	0	5	5	24694.660189	25313.042442	0.0	50017.000826	50007.702631	50.13272875343518	0.75	9.15	78	0	4.38624423448e-05	1.0	1.0005	0.0005	1.0003	0x1bc8c6c06a43e3fbb2ebc613e0ebc0ecb95b5937	0	0	0	0	0	0	0	0
136734	30	35	5	23.561047	6011.780747	6015.842063	0.0	6035.341794	1.5033237389064422	0.75	9.09	100	0		1.003	1.0035	0.0005	1.0033	0xb0bada5d45d939a03c6d211d24a61a4418d7cd13	true	-887272	887272	0	0	0	0	200
191480	15	20	5	757.059712	287.243265	1043.852759	0.0	1044.302977	0.2596159377396773	0.75	9.07	100	0		1.0015	1.002	0.0005	1.0018	0xb0bada5d45d939a03c6d211d24a61a4418d7cd13	true	-887272	887272	0	0	0	0	100
150344	20	25	5	466.926792	1874.858096	2337.670971	0.001407	2341.784888	2.906160493099766	0.74	9.06	96	0		1.002	1.0025	0.0005	1.0023	0x66a0f5491c5ace4e491fb8a90da3af1c2b9ac233	0	0	0	0	0	0	0	0
472326	10	15	5	9242.449932	732.763631	0.0	9986.943029	9975.213563	4.8867437214566944	0.73	8.94	100	0		1.001	1.0015	0.0005	1.0013	0xb0bada5d45d939a03c6d211d24a61a4418d7cd13	true	-887272	887272	0	0	0	0	50
472333	10	15	5	2181.070071	172.920475	0.0	2356.758511	2353.990546	1.152011569459138	0.73	8.93	100	0		1.001	1.0015	0.0005	1.0013	0xb0bada5d45d939a03c6d211d24a61a4418d7cd13	true	-887272	887272	0	0	0	0	100
154215	20	25	5	3447.508808	7399.712885	2406.327096	8443.394702	10847.221693	7.826197572525033	0.72	8.78	100	0		1.002	1.0025	0.0005	1.0023	0xc2fb9a129cb251175e19f219580c843989a44359	true	-887272	887272	0	0	0	0	100
259597	0	5	5	980.770442	1265.243962	0.0	2246.39775	2246.014404	1.073740036289072	0.72	8.72	89	0		1.0	1.0005	0.0005	1.0003	0xbcb96cb44797931c3129b92dfec777a6fbaafaac	0	0	0	0	0	0	0	0
142977	20	25	5	6316.123601	20950.321104	7761.89859	19501.114731	27266.444705	12.947528983208256	0.71	8.67	100	0		1.002	1.0025	0.0005	1.0023	0xcb71eb21f53a2f4de0f26dc90518df10be13d1ec	0	0	0	0	0	0	0	0
135742	30	45	15	12234.893203	10306.996379	22507.500382	0.0	22541.889582	5.177471913766754	0.69	8.38	54	0	3.13850253008e-05	1.003	1.0045	0.0015	1.0038	0xf55a8bee48aee922002d1cf6027f242c8f50b424	0	0	0	0	0	1	1	0
138400	20	25	5	1730.00713	2602.827196	235.480603	4100.924397	4332.834326	0.9940165051114004	0.69	8.37	100	0		1.002	1.0025	0.0005	1.0023	0xcb71eb21f53a2f4de0f26dc90518df10be13d1ec	0	0	0	0	0	0	0	0
139972	20	25	5	5.187907	27.384712	17.693731	14.850866	32.572619	0.044708736019847	0.69	8.35	90	0		1.002	1.0025	0.0005	1.0023	0x52bfb207e6d54e95e308719449ce7e02d631bf65	0	0	0	0	0	0	0	0
202633	10	15	5	685.225393	347.891345	782.576725	250.428518	1033.1167380000002	0.4705372037393057	0.68	8.31	100	0		1.001	1.0015	0.0005	1.0013	0x7617452156f474836604c1a79c79c0627be5fe74	0	0	0	0	0	0	0	0
137590	20	30	10	124.851461	142.01228	186.279078	80.436062	266.863741	0.059532043629076	0.67	8.14	100	0		1.002	1.003	0.001	1.0025	0x6f27486b6c9a7a7fef4a6186aa9c0ba746a5a0dd	0	0	0	0	0	0	0	0
246595	0	5	5	1577.02997	1493.178135	766.519012	2303.965071	3070.208105	2.0405321844605284	0.66	8.09	100	0	1.0352733226e-06	1.0	1.0005	0.0005	1.0003	0xaf41166ae5af9474ceba8de0af03a053a110ffac	0	0	0	0	0	0	0	0
153596	20	25	5	174.411034	628.28389	676.182104	125.406197	802.694924	0.7014151866113617	0.66	7.97	100	0	8.8654535157e-06	1.002	1.0025	0.0005	1.0023	0xb609099b6bbab96b126d2542a8d521d6ecf448f0	0	0	0	0	0	0	0	0
230953	0	5	5	538.886892	398.985541	79.395692	858.637611	937.872433	1.2229451083470553	0.65	7.93	100	0	1.4476788767e-06	1.0	1.0005	0.0005	1.0003	0xa100fa6fada1be2041a20ba80c11e8f370c9306b	0	0	0	0	0	0	0	0
9229	-5	10	15	3052.621758	12490.003998	2790.551392	12752.26257	15542.625756	6.563979734343811	0.63	7.71	100	0		0.9995	1.001	0.0015	1.0003	0xf46b5e722000087b0f72521c465f712cbd41956e	true	-887272	887272	0	0	6	5	100
78563	0	10	10	4199.939049	999.667864	4498.071937	701.486217	5199.606913	2.173200568665881	0.63	7.63	100	0	8.285762409521169e-07	1.0	1.001	0.001	1.0005	0x43a996fa50d2f378d707aca9ddcde1c30cb68f63	0	0	0	0	0	0	0	0
100748	0	5	5	310.206912	257.416272	0.0	567.735718	567.623184	0.5917457630894009	0.63	7.61	83	0	5.42519601576e-05	1.0	1.0005	0.0005	1.0003	0x2d1a0f69ea53d61b4f74648ca1db523610784406	0	0	0	0	0	0	0	0
613122	10	15	5	2344.922626	7621.865447	9957.715356	0.0	9966.788073	2.024059378843628	0.61	7.41	99	0		1.001	1.0015	0.0005	1.0013	0xb0bada5d45d939a03c6d211d24a61a4418d7cd13	true	-887272	887272	0	0	0	0	50
203701	10	15	5	1401.606827	429.629042	1830.781327	0.0	1831.235869	1.096397514960319	0.6	7.28	97	0	1.2973475627e-06	1.001	1.0015	0.0005	1.0013	0xa1eca898ad4a4909c527c78b559ffdad005e761d	0	0	0	0	0	0	0	0
141991	20	25	5	295.15657	739.445657	1032.995846	0.000621	1034.602227	1.2025748071101652	0.58	7.07	99	0		1.002	1.0025	0.0005	1.0023	0x7617452156f474836604c1a79c79c0627be5fe74	0	0	0	0	0	0	0	0
437274	5	10	5	2131.205645	223.647681	0.0	2356.502857	2354.853326	1.3472505697828765	0.57	6.96	100	0		1.0005	1.001	0.0005	1.0008	0xb0bada5d45d939a03c6d211d24a61a4418d7cd13	true	-887272	887272	0	0	0	0	100
143163	15	25	10	242.591219	2101.244168	233.64204	2110.214832	2343.835387	0.4348886770675078	0.56	6.77	100	0		1.0015	1.0025	0.001	1.002	0x66a0f5491c5ace4e491fb8a90da3af1c2b9ac233	0	0	0	0	0	1	0	0
205711	10	15	5	9.880471	2.474464	11.248532	1.104934	12.354935	0.0045766395049543	0.56	6.76	100	0	8.36963165440352e-08	1.001	1.0015	0.0005	1.0013	0x52bfb207e6d54e95e308719449ce7e02d631bf65	0	0	0	0	0	0	0	0
443253	5	10	5	7445.373179	2592.683157	0.0	10044.123044	10038.056336	3.680544299060599	0.55	6.69	100	0		1.0005	1.001	0.0005	1.0008	0xb0bada5d45d939a03c6d211d24a61a4418d7cd13	true	-887272	887272	0	0	0	0	50
126750	0	5	5	12174.634586	3960.154934	0.0	16138.580515	16134.78952	2.9498445927162305	0.55	6.67	99	0		1.0	1.0005	0.0005	1.0003	0x16f562fb6587a19e19761654adb195f8bc879b5d	true	-887272	887272	0	0	0	0	100
271372	5	10	5	2384.983682	356.795784	2741.589526	0.0	2741.779466	2.4197789758965804	0.53	6.44	100	0	9.042586679441913e-08	1.0005	1.001	0.0005	1.0008	0xb0bada5d45d939a03c6d211d24a61a4418d7cd13	true	-887272	887272	0	0	0	0	100
271374	5	10	5	2048.88127	308.140168	2356.857209	0.0	2357.021438	2.078132134830663	0.53	6.44	100	0	9.042586679441913e-08	1.0005	1.001	0.0005	1.0008	0xb0bada5d45d939a03c6d211d24a61a4418d7cd13	true	-887272	887272	0	0	0	0	100
137216	25	30	5	1339.083213	4689.149044	6015.615709	0.0	6028.232257	1.0605680339698085	0.53	6.42	0	0		1.0025	1.003	0.0005	1.0028	0xb0bada5d45d939a03c6d211d24a61a4418d7cd13	true	-887272	887272	0	0	0	0	200
673970	15	20	5	1338.277944	667.495764	1338.029388	667.744732	2005.773708	0.3573096897164909	0.53	6.5	100	0		1.0015	1.002	0.0005	1.0018	0x4e430992db6f3bddbc6a50d1513845f087e9af4a	true	-51	49	5	5	0	0	300
138406	15	30	15	10500.192806	12030.383751	9766.956608	12765.326268	22530.576557	3.87689874266346	0.52	6.28	100	0		1.0015	1.003	0.0015	1.0023	0xf55a8bee48aee922002d1cf6027f242c8f50b424	0	0	0	0	0	1	1	0
500392	15	20	5	9790.45406	180.246838	9970.429931	0.0	9970.700898	1.7077461358207202	0.51	6.25	100	0	2.387588793340001e-07	1.0015	1.002	0.0005	1.0018	0xb0bada5d45d939a03c6d211d24a61a4418d7cd13	true	-887272	887272	0	0	0	0	50
271378	5	10	5	898.949982	134.483756	983.751751	49.638339	1033.433738	0.8796547803327823	0.51	6.21	100	0	2.2911336161612894e-07	1.0005	1.001	0.0005	1.0008	0xb0bada5d45d939a03c6d211d24a61a4418d7cd13	true	-887272	887272	0	0	0	0	100
171973	20	25	5	197.893125	804.898669	1001.025222	0.000602	1002.791794	0.5098445089980879	0.51	6.19	66	0		1.002	1.0025	0.0005	1.0023	0xecaf401a100ff4e390075a5d45f7db021f90a0e4	0	0	0	0	0	0	0	0
500402	15	20	5	2304.983567	47.940342	2352.851812	0.0	2352.923909	0.4017599103023657	0.51	6.23	100	0	2.402405829826648e-07	1.0015	1.002	0.0005	1.0018	0xb0bada5d45d939a03c6d211d24a61a4418d7cd13	true	-887272	887272	0	0	0	0	100
101806	0	5	5	24624.75709	15542.896951	1707.381973	38468.152289	40167.654041	26.83249792208625	0.5	6.1	97	0		1.0	1.0005	0.0005	1.0003	0xc95b2251eea54985aabff294780c4e8ff32c1b16	0	0	0	0	0	0	0	0
472582	10	15	5	47710.435664	5770.736247	25194.270002	28313.68956	53481.171911	17.883314573776815	0.5	6.1	100	0		1.001	1.0015	0.0005	1.0013	0x977762a5d4f5b334ffe4eb4f05b2c6847ff7348d	0	0	0	0	0	0	0	0
202357	10	15	5	659.519631	384.555643	1043.655585	0.0	1044.075274	0.5096491346574287	0.49	5.94	93	0	4.8676420227e-06	1.001	1.0015	0.0005	1.0013	0xb0bada5d45d939a03c6d211d24a61a4418d7cd13	true	-887272	887272	0	0	0	0	100
271507	0	10	10	36968.435211	54538.127646	2772.416319	88760.923636	91506.562857	14.761551187933142	0.48	5.89	100	0		1.0	1.001	0.001	1.0005	0x297b939e9f88232be3dd165ea20a846440c1dc7b	0	0	0	0	0	1	0	0
202354	10	15	5	4774.241388	2784.714659	7555.916868	0.0	7558.956047000001	4.861310232878444	0.48	5.87	68	0		1.001	1.0015	0.0005	1.0013	0xb0bada5d45d939a03c6d211d24a61a4418d7cd13	true	-887272	887272	0	0	0	0	100
227748	-5	5	10	58.307924	257.636207	0.0	315.967907	315.944131	0.3525257207820957	0.48	5.82	82	0	1.8580267102e-06	0.9995	1.0005	0.001	1.0	0x95aa6cf80aa61c3433215c7b8330c065ed29ce97	0	0	0	0	0	1	0	0
137389	20	35	15	7356.418613	7624.587818	14962.886407	0.003003	14981.006431	14.037755196490776	0.47	5.7	100	0		1.002	1.0035	0.0015	1.0028	0xb0bada5d45d939a03c6d211d24a61a4418d7cd13	true	-887272	887272	0	0	1	1	100
594885	10	15	5	4077.458202	5891.969812	0.0	9975.13067	9969.428014	1.572427788806214	0.47	5.76	100	0		1.001	1.0015	0.0005	1.0013	0xb0bada5d45d939a03c6d211d24a61a4418d7cd13	true	-887272	887272	0	0	0	0	50
478347	10	15	5	45.444307	4.165399	49.605455	0.0	49.609706	0.0679652516075057	0.46	5.56	83	0		1.001	1.0015	0.0005	1.0013	0xf9d4fd46e2d1435e7bac9bcee6fa9536e76e5101	0	0	0	0	0	0	0	0
189972	15	20	5	2454.951458	5116.745045	7563.164996	0.0	7571.696502999999	2.2873126463052498	0.45	5.51	100	0		1.0015	1.002	0.0005	1.0018	0xb0bada5d45d939a03c6d211d24a61a4418d7cd13	true	-887272	887272	0	0	0	0	100
136245	30	45	15	8973.689837	6008.414993	14962.310023	0.0	14982.10483	2.2654707327796486	0.45	5.52	100	0		1.003	1.0045	0.0015	1.0038	0x10eb84abd429fa4df8dcabbc7c2803822a5b82d9	0	0	0	0	0	0	0	0
143085	20	25	5	3719.400196	12363.620543	16055.991913	0.009664	16083.020739	25.985993123260798	0.44	5.36	49	0	7.70022663409e-05	1.002	1.0025	0.0005	1.0023	0x16f562fb6587a19e19761654adb195f8bc879b5d	0	0	0	0	0	0	0	0
507375	10	15	5	2488.145708	7491.58214	0.0	9983.30722	9979.727848	7.276771448586863	0.44	5.32	100	0		1.001	1.0015	0.0005	1.0013	0xb0bada5d45d939a03c6d211d24a61a4418d7cd13	true	-887272	887272	0	0	0	0	50
507382	10	15	5	587.16005	1767.885912	0.0	2355.890632	2355.045962	1.716913457685015	0.44	5.32	100	0		1.001	1.0015	0.0005	1.0013	0xb0bada5d45d939a03c6d211d24a61a4418d7cd13	true	-887272	887272	0	0	0	0	100
203836	10	15	5	2131.015364	611.998853	2742.368486	0.0	2743.014217	1.2076993124664863	0.44	5.36	100	0		1.001	1.0015	0.0005	1.0013	0x4aa63e8115c5b29a3e0e062a77c11592931453dc	true	-887272	887272	0	0	0	0	100
273570	5	10	5	1252.489559	789.690365	1647.670089	394.254908	2042.179924	1.1979924643965028	0.44	5.35	100	0	1.1597501847759872e-07	1.0005	1.001	0.0005	1.0008	0xa1eca898ad4a4909c527c78b559ffdad005e761d	true	-887272	887272	0	0	0	0	100
674676	15	20	5	484.97411	351.061974	573.356754	262.530436	836.0360840000001	0.4934192677640854	0.44	5.39	100	0		1.0015	1.002	0.0005	1.0018	0x5fa125ee772e5fd6f5028422751a5e6751993459	true	-887272	887272	0	0	0	0	100
673657	15	20	5	7832.603253	2118.853308	9948.168361	0.0	9951.456561	7.211959377431926	0.43	5.29	100	0	3.3166952073e-06	1.0015	1.002	0.0005	1.0018	0xb0bada5d45d939a03c6d211d24a61a4418d7cd13	true	-887272	887272	0	0	0	0	50
79006	0	10	10	883.852598	210.019308	0.0	1094.398787	1093.871906	1.5282326094387153	0.42	5.1	56	0	5.03811146357e-05	1.0	1.001	0.001	1.0005	0x7622f628135378f1b8d1876952de9bab80245f1c	0	0	0	0	0	0	0	0
273706	5	10	5	1367.483278	899.581988	1855.287068	411.46359	2267.065266	1.2620679424620431	0.42	5.08	100	0		1.0005	1.001	0.0005	1.0008	0xbcb96cb44797931c3129b92dfec777a6fbaafaac	0	0	0	0	0	0	0	0
135295	20	30	10	12294.491837	10398.606547	0.0	22726.675672	22693.098384	3.096487471121408	0.41	4.98	0	0	1.33388031064e-05	1.002	1.003	0.001	1.0025	0xf55a8bee48aee922002d1cf6027f242c8f50b424	0	0	0	0	0	0	0	0
321453	0	5	5	570.58695	655.765948	162.389811	1064.106198	1226.352898	0.6717847760670007	0.41	5.0	100	0	3.473648813034913e-07	1.0	1.0005	0.0005	1.0003	0xaf41166ae5af9474ceba8de0af03a053a110ffac	0	0	0	0	0	0	0	0
313222	0	5	5	48.644391	2693.289149	743.070446	1998.565976	2741.93354	3.67791225610204	0.4	4.9	100	0		1.0	1.0005	0.0005	1.0003	0xb0bada5d45d939a03c6d211d24a61a4418d7cd13	true	-887272	887272	0	0	0	0	100
558176	10	15	5	10683.009268	2030.419144	0.0	12727.216493	12713.428412	3.399040224340728	0.4	4.88	100	0		1.001	1.0015	0.0005	1.0013	0xa100fa6fada1be2041a20ba80c11e8f370c9306b	0	0	0	0	0	0	0	0
190864	15	20	5	810.130648	223.066809	1032.851118	0.0	1033.197457	0.2760629348512276	0.4	4.88	99	0		1.0015	1.002	0.0005	1.0018	0x7617452156f474836604c1a79c79c0627be5fe74	0	0	0	0	0	0	0	0
674237	15	20	5	29.922867	19.578918	49.470508	0.0	49.501785	0.0326883481942029	0.4	4.82	82	0		1.0015	1.002	0.0005	1.0018	0xf9d4fd46e2d1435e7bac9bcee6fa9536e76e5101	0	0	0	0	0	0	0	0
272148	5	10	5	827.710546	315.945652	1143.475538	0.0	1143.656198	0.8907244590165588	0.39	4.74	84	0	1.6486671139e-06	1.0005	1.001	0.0005	1.0008	0xaf41166ae5af9474ceba8de0af03a053a110ffac	0	0	0	0	0	0	0	0
98471	-5	10	15	836.830318	604.182545	710.302926	730.73457	1441.012863	0.1880565911561381	0.39	4.76	100	0		0.9995	1.001	0.0015	1.0003	0xbebc55b616c3224c102566e7214fe5615ec4f605	0	0	0	0	0	0	0	0
274215	5	10	5	543.680648	957.899276	1500.948489	0.0	1501.579924	0.9545827729162304	0.38	4.64	96	0		1.0005	1.001	0.0005	1.0008	0x0b776552c1aef1dc33005dd25acda22493b6615d	0	0	0	0	0	0	0	0
87742	0	10	10	56867.952321	9955.200509	57807.382968	9015.636482	66823.15282999999	8.207116712971274	0.37	4.48	100	0	5.770657396375611e-07	1.0	1.001	0.001	1.0005	0xc5fdfa344d08e032b77d650bd4f0dbf508349542	0	0	0	0	0	0	0	0
313225	0	5	5	41.817588	2315.310228	0.0	2357.148543	2357.127816	3.5284557930385114	0.37	4.55	100	0		1.0	1.0005	0.0005	1.0003	0xb0bada5d45d939a03c6d211d24a61a4418d7cd13	true	-887272	887272	0	0	0	0	100
271924	5	15	10	689.25902	75.306012	603.107189	161.514266	764.565032	0.1896666412211559	0.37	4.53	100	0		1.0005	1.0015	0.001	1.001	0xa100fa6fada1be2041a20ba80c11e8f370c9306b	0	0	0	0	0	0	0	0
443272	5	10	5	37.289011	12.876813	0.0	50.196192	50.165824	0.0183182567069677	0.37	4.44	96	0		1.0005	1.001	0.0005	1.0008	0xf9d4fd46e2d1435e7bac9bcee6fa9536e76e5101	0	0	0	0	0	0	0	0
197627	15	20	5	10.367708	1.98882	12.353467	0.0	12.356528	0.0015074197905773	0.37	4.45	65	0		1.0015	1.002	0.0005	1.0018	0x52bfb207e6d54e95e308719449ce7e02d631bf65	0	0	0	0	0	0	0	0
472284	10	20	10	11697.223113	489.75195	0.0	12204.768276	12186.975063	10.165396861321309	0.36	4.35	100	0		1.001	1.002	0.001	1.0015	0xb0bada5d45d939a03c6d211d24a61a4418d7cd13	true	-887272	887272	0	0	0	1	100
225703	0	10	10	19848.749525	9766.784592	23601.570072	6013.023006	29615.534117	6.918426258428632	0.35	4.26	100	0		1.0	1.001	0.001	1.0005	0xde6ac2604800464ba76039b0f11d05eec622813d	true	-887272	887272	0	0	0	1	100
494052	10	15	5	129.113417	709.389739	0.0	838.691977	838.503156	1.372534665092051	0.35	4.27	84	0		1.001	1.0015	0.0005	1.0013	0x5fa125ee772e5fd6f5028422751a5e6751993459	true	-887272	887272	0	0	0	0	100
311597	0	5	5	22.62913	817.191679	0.0	839.831873	839.820809	1.2892344645591771	0.35	4.31	97	0		1.0	1.0005	0.0005	1.0003	0xb0bada5d45d939a03c6d211d24a61a4418d7cd13	true	-887272	887272	0	0	0	0	100
192040	15	20	5	1689.415435	635.31475	2323.734691	0.0	2324.730185	0.5434009677908092	0.35	4.27	59	0		1.0015	1.002	0.0005	1.0018	0x66a0f5491c5ace4e491fb8a90da3af1c2b9ac233	0	0	0	0	0	0	0	0
137884	15	30	15	5.031865	4.948062	9.970683	2e-06	9.979927	0.0094379412655742	0.35	4.31	91	0	1.55940637402e-05	1.0015	1.003	0.0015	1.0023	0x503a63e5e17c50ab32af3f61606b7eb9b51af2b5	0	0	0	0	0	0	0	0
202351	10	15	5	14364.773748	5953.668053	20312.015143	0.0	20318.441801	6.934675874687514	0.34	4.15	99	0		1.001	1.0015	0.0005	1.0013	0xb0bada5d45d939a03c6d211d24a61a4418d7cd13	true	-887272	887272	0	0	0	0	100
322490	0	5	5	3075.97921	1871.248523	1007.752906	3940.082148	4947.227733	6.09919257595666	0.34	4.09	100	0		1.0	1.0005	0.0005	1.0003	0xb0bada5d45d939a03c6d211d24a61a4418d7cd13	true	-101	953	0	0	0	0	50
620731	5	10	5	452.407117	9513.556896	0.0	9966.41148	9965.964013	1.1425995832684757	0.34	4.18	100	0	2.9481339591797e-08	1.0005	1.001	0.0005	1.0008	0xb0bada5d45d939a03c6d211d24a61a4418d7cd13	true	-887272	887272	0	0	0	0	50
221370	5	15	10	921.267148	910.0632	1830.649594	0.0	1831.330348	0.2079173575899935	0.34	4.14	100	0		1.0005	1.0015	0.001	1.001	0xa1eca898ad4a4909c527c78b559ffdad005e761d	0	0	0	0	0	1	0	0
314165	0	5	5	8871.76948	29057.893199	21834.680222	16091.124145	37929.662679	8.234929243394559	0.33	3.96	100	0		1.0	1.0005	0.0005	1.0003	0x245f6514ff0b711b2603139be85b85419dc8f7aa	0	0	0	0	0	0	0	0
29784	0	10	10	976.452893	730.190977	1476.171156	230.228453	1706.64387	2.4413262077495457	0.33	4.02	100	0		1.0	1.001	0.001	1.0005	0x26570de098f37d1d717e2860fbf19d54fe9a6011	0	0	0	0	0	0	0	0
138492	10	30	20	365.918053	680.984275	313.687073	733.338208	1046.902328	0.4648571163245798	0.33	4.05	100	0		1.001	1.003	0.002	1.002	0x5fa125ee772e5fd6f5028422751a5e6751993459	true	-887272	887272	0	0	2	1	100
594884	10	20	10	8576.72381	3599.87893	12172.473827	0.0	12176.602739999998	3.875151033404697	0.32	3.87	100	0		1.001	1.002	0.001	1.0015	0xb0bada5d45d939a03c6d211d24a61a4418d7cd13	true	-887272	887272	0	0	0	1	100
134960	15	20	5	663.982061	480.223927	0.0	1145.43863	1144.2059880000002	0.1201142734703591	0.31	3.83	73	0	8.42566157621e-05	1.0015	1.002	0.0005	1.0018	0x1852cb2d91b0b367fcbdb809bd35cac4841b2a1a	0	0	0	0	0	0	0	0
238617	0	10	10	10911.79629	1282.9549	0.0	12200.777813	12194.75119	28.317136532381287	0.3	3.69	100	0		1.0	1.001	0.001	1.0005	0xa2d30b5c2c84f8c0e47a0dfebb3eda04a6a2ca28	0	0	0	0	0	0	0	0
82980	-5	20	25	642.882864	238.619406	657.592496	223.907483	881.5022700000001	0.0839051640255233	0.29	3.47	100	0	0.0	0.9995	1.002	0.0025	1.0008	0x213bddf596932002b519864d35d5ac80b74f4262	0	0	0	0	0	0	0	0
134295	5	10	5	16024.101165	102.064266	0.0	16138.212769	16126.165431	1.5144744398573362	0.28	3.43	86	0		1.0005	1.001	0.0005	1.0008	0xb0bada5d45d939a03c6d211d24a61a4418d7cd13	true	-887272	887272	0	0	0	0	100
164825	20	25	5	5.102535	20.853158	4.624745	21.332097	25.955693	0.0024130076556761	0.28	3.39	100	0	4.5517498659108934e-07	1.002	1.0025	0.0005	1.0023	0x6f27486b6c9a7a7fef4a6186aa9c0ba746a5a0dd	0	0	0	0	0	0	0	0
626706	10	15	5	9436.821652	518.878949	0.0	9967.626387	9955.700601	4.422704682765216	0.27	3.24	100	0	2.8158594345e-06	1.001	1.0015	0.0005	1.0013	0xb0bada5d45d939a03c6d211d24a61a4418d7cd13	true	-887272	887272	0	0	0	0	50
134947	10	20	10	18161.460663	25203.876662	0.0	43397.838779	43365.337325	3.9076028157111966	0.27	3.29	94	0	6.16800122199e-05	1.001	1.002	0.001	1.0015	0x1852cb2d91b0b367fcbdb809bd35cac4841b2a1a	0	0	0	0	0	0	0	0
283328	5	10	5	2315.626155	2635.271688	4949.230265	0.0	4950.897843	2.266499685843945	0.27	3.34	77	0		1.0005	1.001	0.0005	1.0008	0xa14010166d72ff3cc101c29e95d12adb06146475	true	-101	953	0	0	0	0	50
443363	5	10	5	627.590654	210.728188	0.0	838.829135	838.3188419999999	0.3046701417846329	0.27	3.32	74	0	7.7066743764e-06	1.0005	1.001	0.0005	1.0008	0x5fa125ee772e5fd6f5028422751a5e6751993459	true	-887272	887272	0	0	0	0	100
433950	5	10	5	1688.498006	667.264271	2355.381544	0.0	2355.762277	0.210779425891939	0.27	3.27	94	0		1.0005	1.001	0.0005	1.0008	0xb0bada5d45d939a03c6d211d24a61a4418d7cd13	true	-887272	887272	0	0	0	0	100
316091	0	5	5	3079.22019	1780.758605	2744.684101	2115.361734	4859.978795	0.8548975256510875	0.26	3.21	100	0	1.4408574333657498e-08	1.0	1.0005	0.0005	1.0003	0x7617452156f474836604c1a79c79c0627be5fe74	0	0	0	0	0	0	0	0
178075	20	25	5	1532.178226	2491.215246	4018.031618	0.0	4023.393472	0.6865952091730428	0.26	3.11	57	0		1.002	1.0025	0.0005	1.0023	0xde6ac2604800464ba76039b0f11d05eec622813d	0	0	0	0	0	0	0	0
364113	0	5	5	5.682456	31.808801	0.0	37.493883	37.491257	0.0259477972580657	0.26	3.16	95	0		1.0	1.0005	0.0005	1.0003	0xf9d4fd46e2d1435e7bac9bcee6fa9536e76e5101	0	0	0	0	0	0	0	0
135557	40	45	5	4051.616734	7837.139418	11856.081651	0.0	11888.756152	0.9789636262196386	0.25	3.01	0	0		1.004	1.0045	0.0005	1.0043	0x1852cb2d91b0b367fcbdb809bd35cac4841b2a1a	0	0	0	0	0	0	0	0
592706	20	25	5	9693.978923	269.938192	9963.375983	0.0	9963.917115	0.8310818022711053	0.25	3.04	100	0	1.1961174939e-06	1.002	1.0025	0.0005	1.0023	0xb0bada5d45d939a03c6d211d24a61a4418d7cd13	true	-887272	887272	0	0	0	0	50
592725	20	25	5	9015.605745	511.712959	9526.289508	0.0	9527.318704	0.7808001704441823	0.25	2.99	100	0	1.3002729781e-06	1.002	1.0025	0.0005	1.0023	0xb0bada5d45d939a03c6d211d24a61a4418d7cd13	true	-887272	887272	0	0	0	0	100
221993	5	15	10	200.444389	115.528925	315.894471	0.0	315.973314	0.0265776199138105	0.25	3.07	54	0		1.0005	1.0015	0.001	1.001	0x95aa6cf80aa61c3433215c7b8330c065ed29ce97	0	0	0	0	0	0	0	0
672757	10	20	10	6652.121846	5515.94816	12161.309324	0.0	12168.070006	4.592307527930149	0.23	2.76	100	0	3.8484736508e-06	1.001	1.002	0.001	1.0015	0xb0bada5d45d939a03c6d211d24a61a4418d7cd13	true	-887272	887272	0	0	0	1	100
269088	0	5	5	18790.757465	72739.331034	0.0	91538.520679	91530.088499	6.376194523386414	0.21	2.54	100	0	2.917553199033307e-07	1.0	1.0005	0.0005	1.0003	0x297b939e9f88232be3dd165ea20a846440c1dc7b	0	0	0	0	0	0	0	0
665648	10	15	5	2432.375432	3916.745226	1533.977011	4816.351573	6349.120658	0.4469511887685026	0.21	2.57	100	0		1.001	1.0015	0.0005	1.0013	0x3125a38881b0ec053fa28a8f912248913cc21cc0	0	0	0	0	0	0	0	0
360893	0	5	5	164.57839	1089.651887	294.11499	960.062354	1254.230277	0.1732964176127934	0.21	2.52	100	0		1.0	1.0005	0.0005	1.0003	0xaf41166ae5af9474ceba8de0af03a053a110ffac	0	0	0	0	0	0	0	0
131567	0	5	5	1349.363444	999.061241	0.0	2348.905578	2348.424685	0.164644838031242	0.21	2.56	78	0	2.80941380825e-05	1.0	1.0005	0.0005	1.0003	0x66a0f5491c5ace4e491fb8a90da3af1c2b9ac233	0	0	0	0	0	0	0	0
108163	-5	5	10	5.29782	13.781989	0.0	19.081718	19.079809	0.0080869032653352	0.21	2.58	54	0	5.5778847563e-05	0.9995	1.0005	0.001	1.0	0x9b3f4f5a062a8c3dab9ca674839b8f06aec5d869	0	0	0	0	0	0	0	0
277350	5	10	5	3270.383791	18066.737262	9899.110084	11432.403674	21337.121053	1.3413011279599727	0.19	2.29	100	0		1.0005	1.001	0.0005	1.0008	0x2e509d6d90a36c999007eb4e2614dbb141289cb5	0	0	0	0	0	0	0	0
273510	0	10	10	764.824873	1846.754011	582.848198	2028.865731	2611.578884	0.3279110473057758	0.19	2.29	100	0	6.010238973175319e-08	1.0	1.001	0.001	1.0005	0x5db803e1612dd94de98f083746fcc2d15f720040	0	0	0	0	0	0	0	0
369247	0	5	5	543.429962	1490.8049	451.622076	1582.646709	2034.234862	0.1281630955590134	0.19	2.3	100	0		1.0	1.0005	0.0005	1.0003	0x3fbd3df54ece58be3719647c9e5bca719ae5cbc4	0	0	0	0	0	0	0	0
141503	20	25	5	626.413298	1280.615035	651.627945	1255.341515	1907.028333	0.1207855334334575	0.19	2.31	100	0	5.721423335103282e-10	1.002	1.0025	0.0005	1.0023	0xffeeb1732aeb273fcf4b6789553b6970da71cbaf	0	0	0	0	0	0	0	0
199677	15	20	5	9368.002269	1619.171727	10984.687623	0.0	10987.173996	0.6441751784797907	0.18	2.14	100	0		1.0015	1.002	0.0005	1.0018	0xde6ac2604800464ba76039b0f11d05eec622813d	true	-887272	887272	0	0	0	0	100
135014	15	20	5	989.301146	4940.101969	0.0	5931.342189	5929.403115	0.3604593054515063	0.18	2.22	64	0		1.0015	1.002	0.0005	1.0018	0x83f1cdd65a7b50c65077ea97ad203cc6cc015ca3	0	0	0	0	0	0	0	0
69508	-15	35	50	350.173437	245.202883	400.625755	194.733078	595.37632	0.1082939723523219	0.18	2.21	100	0	0.0	0.9985	1.0035	0.005	1.001	0xf43df57b6c2b52cc16ec9284b635ce11c4070acb	0	0	0	0	0	0	0	0
620660	5	15	10	6449.160363	5723.691303	0.0	12180.820757	12172.851666	3.420523100448883	0.17	2.05	100	0		1.0005	1.0015	0.001	1.001	0xb0bada5d45d939a03c6d211d24a61a4418d7cd13	true	-887272	887272	0	0	0	1	100
95119	0	5	5	2.510069	1.0	2.488549	1.021522	3.510069	0.0001975692717815	0.17	2.05	100	0		1.0	1.0005	0.0005	1.0003	0xf100a95757c700b35f2630d9b794e3361e69696e	0	0	0	0	0	0	0	0
247419	0	5	5	124341.324438	106177.764828	130772.234282	99745.418891	230519.089266	12.58395623339768	0.16	1.99	100	0		1.0	1.0005	0.0005	1.0003	0x9800511c5082c3aa6f4335a75dc78b1a87ea307a	0	0	0	0	0	0	0	0
227690	-10	10	20	141.808772	272.045841	0.0	413.947851	413.854613	0.5593532301938493	0.16	1.9	97	0		0.999	1.001	0.002	1.0	0xeccb9b9c6fb7590a4d0588953b3170a1a84e3341	0	0	0	0	0	2	1	0
88119	-5	20	25	237.919833	83.139747	239.509959	81.549395	321.05958	0.0162462935932224	0.15	1.85	100	0		0.9995	1.002	0.0025	1.0008	0xd0fad0d16fcfb8c8081505dcdcec4cf88bd31c45	0	0	0	0	0	0	0	0
278085	5	15	10	48356.502017	42871.012681	72195.876296	19011.629862	91227.514698	8.260090943778826	0.14	1.65	100	0	8.539907225824095e-07	1.0005	1.0015	0.001	1.001	0x297b939e9f88232be3dd165ea20a846440c1dc7b	0	0	0	0	0	1	0	0
286459	5	10	5	3483.866652	1377.366037	4860.446743	0.0	4861.232689	0.9213184574539032	0.14	1.73	92	0		1.0005	1.001	0.0005	1.0008	0x7617452156f474836604c1a79c79c0627be5fe74	0	0	0	0	0	0	0	0
174420	15	25	10	109.440732	984.585682	1092.109889	0.00024	1094.026414	0.3938681941558356	0.14	1.64	33	0		1.0015	1.0025	0.001	1.002	0x7622f628135378f1b8d1876952de9bab80245f1c	0	0	0	0	0	1	0	0
114835	0	5	5	1428.397038	1014.716165	1513.458701	929.637579	2443.113203	0.1147050440073896	0.14	1.71	100	0	5.900194999242103e-07	1.0	1.0005	0.0005	1.0003	0x09c0677097ed031ff748d630e86f3fda478abeb8	0	0	0	0	0	0	0	0
554773	5	15	10	3894.700406	13876.296124	0.0	17776.414912	17770.99653	11.021650265883736	0.13	1.62	70	0	9.991475868886823e-07	1.0005	1.0015	0.001	1.001	0x2285a67d53e22d3170d308956c8b42714c44f633	true	-887272	887272	0	0	1	0	100
622323	5	15	10	26.297917	23.227181	0.0	49.557577	49.525098	0.0130471979038654	0.13	1.6	96	0		1.0005	1.0015	0.001	1.001	0xf9d4fd46e2d1435e7bac9bcee6fa9536e76e5101	0	0	0	0	0	1	0	0
592723	20	30	10	11852.362763	327.139513	12178.844307	0.0	12179.502276	0.5011398919137738	0.12	1.5	100	0	1.3002729781e-06	1.002	1.003	0.001	1.0025	0xb0bada5d45d939a03c6d211d24a61a4418d7cd13	true	-887272	887272	0	0	0	1	100
551084	10	15	5	27.79667	20.0	24.564762	23.235832	47.79667	0.0039453588000543	0.12	1.51	100	0		1.001	1.0015	0.0005	1.0013	0x98f0c3d42b8dafb1f73d8f105344c6a4434a0109	0	0	0	0	0	0	0	0
566711	10	15	5	1642.070369	445.626073	12.410463	2077.407237	2087.696442	0.7988998583401975	0.11	1.4	84	0	2.1230610935e-06	1.001	1.0015	0.0005	1.0013	0x4e430992db6f3bddbc6a50d1513845f087e9af4a	0	0	0	0	0	0	0	0
216062	5	30	25	322.719309	91.161733	413.810419	0.0	413.881042	0.0316231330690821	0.11	1.39	77	0	1.04100594811e-05	1.0005	1.003	0.0025	1.0018	0xeccb9b9c6fb7590a4d0588953b3170a1a84e3341	0	0	0	0	0	0	0	0
73955	5	10	5	795.340843	26.737764	822.065024	0.0	822.0786069999999	0.0262047301522409	0.1	1.16	71	0	3.7257476992e-06	1.0005	1.001	0.0005	1.0008	0x154b4661a08eaffc746bdf7451a17ee50ee904cf	0	0	0	0	0	0	0	0
200571	15	20	5	900.232771	100.830493	1000.909607	0.0	1001.063264	1.5143743936860998	0.09	1.1	13	0		1.0015	1.002	0.0005	1.0018	0xecaf401a100ff4e390075a5d45f7db021f90a0e4	0	0	0	0	0	0	0	0
135335	20	30	10	19385.187314	19476.366449	0.0	38914.939049	38861.553763	1.2015954386393977	0.09	1.13	0	0	3.17992036369e-05	1.002	1.003	0.001	1.0025	0x1852cb2d91b0b367fcbdb809bd35cac4841b2a1a	0	0	0	0	0	0	0	0
189961	10	25	15	5874.289824	9125.63086	8992.787778	6001.652757	14999.920684	0.4741953379924919	0.09	1.15	100	0		1.001	1.0025	0.0015	1.0018	0xb0bada5d45d939a03c6d211d24a61a4418d7cd13	true	-887272	887272	0	0	1	1	100
593116	15	20	5	5881.94058	4087.400941	9962.797462	0.0	9969.341521	0.285594321459268	0.09	1.05	100	0		1.0015	1.002	0.0005	1.0018	0xb0bada5d45d939a03c6d211d24a61a4418d7cd13	true	-887272	887272	0	0	0	0	50
593119	15	20	5	5623.903879	3908.089464	9525.736367	0.0	9531.993343	0.2727849100068816	0.09	1.04	100	0		1.0015	1.002	0.0005	1.0018	0xb0bada5d45d939a03c6d211d24a61a4418d7cd13	true	-887272	887272	0	0	0	0	100
83183	0	5	5	0.498555	0.269419	0.495488	0.272485	0.767974	2.37713653455e-05	0.09	1.13	100	0	4.8694381860059366e-11	1.0	1.0005	0.0005	1.0003	0x292c6dae7417b3d31d8b6e1d2eea0258d14c4c4b	0	0	0	0	0	0	0	0
84721	0	5	5	1943.91247	1060.896208	1958.674882	1046.131204	3004.808678	0.0812766096012149	0.08	0.99	100	0		1.0	1.0005	0.0005	1.0003	0xa464afbe33932d1c98d03e5e6a44f9e89c9c8b47	0	0	0	0	0	0	0	0
311535	0	5	5	46.966684	2695.645842	0.0	2742.635812	2742.612526	0.0753292316579538	0.08	1.0	100	0	2.228428552797368e-09	1.0	1.0005	0.0005	1.0003	0xb0bada5d45d939a03c6d211d24a61a4418d7cd13	true	-887272	887272	0	0	0	0	100
311536	0	5	5	40.375694	2317.356927	0.0	2357.752639	2357.732621	0.0644444930738097	0.08	1.0	100	0	2.228428552797368e-09	1.0	1.0005	0.0005	1.0003	0xb0bada5d45d939a03c6d211d24a61a4418d7cd13	true	-887272	887272	0	0	0	0	100
279368	5	15	10	22.444299	15.048998	37.482356	0.0	37.493297	0.0087779145992121	0.08	0.95	42	0	3.9455919087e-06	1.0005	1.0015	0.001	1.001	0xf9d4fd46e2d1435e7bac9bcee6fa9536e76e5101	0	0	0	0	0	1	0	0
221008	5	10	5	55.038177	20273.692644	93.088553	20235.604268	20328.730821	0.5018566998114222	0.07	0.9	100	0		1.0005	1.001	0.0005	1.0008	0xb0bada5d45d939a03c6d211d24a61a4418d7cd13	true	-887272	887272	0	0	0	0	100
429366	0	5	5	1742.949687	8300.0	0.0	10043.74566	10042.949687	0.4980066418361894	0.07	0.9	64	0	3.606021481417088e-07	1.0	1.0005	0.0005	1.0003	0xba9cd589ca6810ab03d5b100bcedd8a65694452c	true	-887272	887272	0	0	0	0	50
672759	10	15	5	905.778894	9057.926333	0.0	9965.044205	9963.705227	0.2290490842726042	0.07	0.84	100	0		1.001	1.0015	0.0005	1.0013	0xb0bada5d45d939a03c6d211d24a61a4418d7cd13	true	-887272	887272	0	0	0	0	50
592764	20	25	5	1957.394521	392.516133	1466.445748	884.514449	2349.910654	0.052435304802906	0.07	0.81	100	0	4.244948836884532e-08	1.002	1.0025	0.0005	1.0023	0xb0bada5d45d939a03c6d211d24a61a4418d7cd13	true	-887272	887272	0	0	0	0	100
429839	0	5	5	33.781501	141.22391	5.040622	169.977565	175.00541099999998	0.004035706388861	0.07	0.84	100	0		1.0	1.0005	0.0005	1.0003	0x6f27486b6c9a7a7fef4a6186aa9c0ba746a5a0dd	0	0	0	0	0	0	0	0
140926	15	30	15	19801.433524	24582.297225	19239.365667	25145.681482	44383.730749	0.9610452482462926	0.06	0.79	100	0		1.0015	1.003	0.0015	1.0023	0x1852cb2d91b0b367fcbdb809bd35cac4841b2a1a	0	0	0	0	0	1	1	0
151752	20	45	25	45.781801	8.270451	54.034181	6e-06	54.052252	0.0128967393580793	0.06	0.73	34	0	6.58053544766e-05	1.002	1.0045	0.0025	1.0033	0xe08753f2caf86cfa29ce24b1ca765f6f3a25a68d	0	0	0	0	0	0	0	0
311715	5	10	5	2714.389522	26.511366	2740.887571	0.0	2740.900888	0.0423903321990544	0.05	0.56	100	0	4.4024894840788427e-08	1.0005	1.001	0.0005	1.0008	0xb0bada5d45d939a03c6d211d24a61a4418d7cd13	true	-887272	887272	0	0	0	0	100
311716	5	10	5	2333.453265	22.790772	2356.232589	0.0	2356.244037	0.0364099212193054	0.05	0.56	100	0	4.4024894840788427e-08	1.0005	1.001	0.0005	1.0008	0xb0bada5d45d939a03c6d211d24a61a4418d7cd13	true	-887272	887272	0	0	0	0	100
166405	20	25	5	249.988596	1123.253364	1370.772309	0.000825	1373.2419599999998	1.0478391537158886	0.04	0.55	5	0		1.002	1.0025	0.0005	1.0023	0xd961f88582541e66c9aac22fbcf78c36dc7054c6	true	-887272	887272	0	0	0	0	100
593113	15	25	10	9682.492013	2498.144677	12176.63708	0.0	12180.63669	0.1747107853465901	0.04	0.52	100	0		1.0015	1.0025	0.001	1.002	0xb0bada5d45d939a03c6d211d24a61a4418d7cd13	true	-887272	887272	0	0	0	1	100
594886	10	15	5	3898.068863	5632.750337	3190.548263	6341.201126	9530.8192	0.1371557843678075	0.04	0.53	100	0	1.6272350134016733e-08	1.001	1.0015	0.0005	1.0013	0xb0bada5d45d939a03c6d211d24a61a4418d7cd13	true	-887272	887272	0	0	0	0	100
236132	-5	5	10	7754.088265	11738.301696	7743.983716	11748.407279	19492.389961	0.2072746993200235	0.03	0.39	100	0		0.9995	1.0005	0.001	1.0	0xde6ac2604800464ba76039b0f11d05eec622813d	true	-887272	887272	0	0	1	0	100
672640	15	20	5	9870.4244	81.270499	9951.572924	0.0	9951.694899	0.060804219295611	0.02	0.22	100	0		1.0015	1.002	0.0005	1.0018	0xb0bada5d45d939a03c6d211d24a61a4418d7cd13	true	-887272	887272	0	0	0	0	50
436595	0	5	5	26.169617	2330.073329	0.0	2356.255959	2356.242946	0.018348234829754	0.02	0.28	100	0	5.294820137891065e-09	1.0	1.0005	0.0005	1.0003	0xb0bada5d45d939a03c6d211d24a61a4418d7cd13	true	-887272	887272	0	0	0	0	100
314917	0	5	5	513.559286	987.56386	437.205047	1063.944185	1501.123146	0.0088612635432785	0.02	0.22	100	0		1.0	1.0005	0.0005	1.0003	0x0b776552c1aef1dc33005dd25acda22493b6615d	0	0	0	0	0	0	0	0
672639	15	25	10	12111.652531	49.705553	12161.283483	0.0	12161.358084	0.0373562921692869	0.01	0.11	100	0		1.0015	1.0025	0.001	1.002	0xb0bada5d45d939a03c6d211d24a61a4418d7cd13	true	-887272	887272	0	0	0	1	100
259608	0	5	5	72.721244	93.369307	70.484849	95.606336	166.090551	0.0005299223061396	0.01	0.12	100	0		1.0	1.0005	0.0005	1.0003	0xbcb96cb44797931c3129b92dfec777a6fbaafaac	0	0	0	0	0	0	0	0
134727	0	10	10	0.08615	4.99718	0.0	5.083415	5.08333	4.56359733666e-05	0.01	0.16	0	0		1.0	1.001	0.001	1.0005	0xb754e001604508f841d768e64d38b7c98c859c05	0	0	0	0	0	0	0	0
259621	0	5	5	3.955106	5.077798	3.833723	5.199214	9.032903999999998	2.58161596744e-05	0.01	0.1	100	0		1.0	1.0005	0.0005	1.0003	0xbcb96cb44797931c3129b92dfec777a6fbaafaac	0	0	0	0	0	0	0	0
92589	0	5	5	0.736885	0.272251	0.736865	0.272269	1.009136	4.4765517216e-06	0.01	0.16	100	0	0.0	1.0	1.0005	0.0005	1.0003	0x26570de098f37d1d717e2860fbf19d54fe9a6011	0	0	0	0	0	0	0	0
314137	0	10	10	22742.182107	14876.450016	23156.914939	14461.555482	37618.632123	0.015295555844199	0.0	0.01	100	0		1.0	1.001	0.001	1.0005	0x245f6514ff0b711b2603139be85b85419dc8f7aa	0	0	0	0	0	0	0	0
558051	10	15	5	10826.427424	1942.670108	10796.201254	1972.928833	12769.097532	0.0096965786646044	0.0	0.03	100	0	1.0091927293842671e-11	1.001	1.0015	0.0005	1.0013	0xa100fa6fada1be2041a20ba80c11e8f370c9306b	0	0	0	0	0	0	0	0
70945	5	10	5	4159.403718	568.209195	4243.866661	483.699312	4727.612913	0.0073518672556804	0.0	0.06	100	0	5.459299790011585e-07	1.0005	1.001	0.0005	1.0008	0xff21ce470788e58a65836e4212f1bc928fd5fa49	true	-887272	887272	0	0	0	0	100
174509	20	25	5	209.660525	836.114092	1043.939972	0.000457	1045.774617	0.002972	0.0	0.05	92	0		1.002	1.0025	0.0005	1.0023	0x5fa125ee772e5fd6f5028422751a5e6751993459	true	-887272	887272	0	0	0	0	100
262614	0	5	5	860.62935	1348.020751	860.629349	1348.02075	2208.650101	0.0009019249136234	0.0	0.01	100	0	0.0	1.0	1.0005	0.0005	1.0003	0xacf89c236462a336917817b1d91fde5488ffb3ac	0	0	0	0	0	0	0	0
387950	0	5	5	40.118187	70.003425	40.314192	69.807357	110.121612	5.55983447177e-05	0.0	0.02	100	0		1.0	1.0005	0.0005	1.0003	0xff4f7b726ee86f810531d2842b3bdd8a512db594	0	0	0	0	0	0	0	0
134876	15	20	5	15500.345396	612.692083	0.0	16140.33284	16113.037479	0.0	0.0	0.0	100	0	2.9877481377e-06	1.0015	1.002	0.0005	1.0018	0xb0bada5d45d939a03c6d211d24a61a4418d7cd13	true	-887272	887272	0	0	0	0	100
135050	15	20	5	2505.97256	11810.502483	0.0	14321.381711	14316.475043	0.0	0.0	0.0	100	0		1.0015	1.002	0.0005	1.0018	0x10eb84abd429fa4df8dcabbc7c2803822a5b82d9	true	-887272	887272	0	0	0	0	100
135173	20	25	5	12199.533024	3912.163965	0.0	16139.916449	16111.696989	0.0	0.0	0.0	0	0	2.536859833313088e-07	1.002	1.0025	0.0005	1.0023	0xb0bada5d45d939a03c6d211d24a61a4418d7cd13	true	-887272	887272	0	0	0	0	100
135301	25	30	5	12430.971819	3673.838618	16095.429221	0.0	16104.810437	0.0	0.0	0.0	0	0		1.0025	1.003	0.0005	1.0028	0xb0bada5d45d939a03c6d211d24a61a4418d7cd13	true	-887272	887272	0	0	0	0	100
135327	20	25	5	1518.234943	14610.969371	0.0	16132.968568	16129.204314	0.0	0.0	0.0	0	0	0.0	1.002	1.0025	0.0005	1.0023	0xb0bada5d45d939a03c6d211d24a61a4418d7cd13	true	-887272	887272	0	0	0	0	100
135333	25	30	5	16071.211614	17.68271	0.0	16133.153181	16088.894324	0.0	0.0	0.0	0	0	1.02313544969e-05	1.0025	1.003	0.0005	1.0028	0xb0bada5d45d939a03c6d211d24a61a4418d7cd13	true	-887272	887272	0	0	0	0	100
135348	30	35	5	2982.473243	13138.887775	0.0	16131.678649	16121.361018	0.0	0.0	0.0	100	0	1.1197555105e-06	1.003	1.0035	0.0005	1.0033	0xb0bada5d45d939a03c6d211d24a61a4418d7cd13	true	-887272	887272	0	0	0	0	100
141517	0	5	5	0.0	567.678945	0.0	567.678944	567.678945	0.0	0.0	0.0	0	0		1.0	1.0005	0.0005	1.0003	0x2d1a0f69ea53d61b4f74648ca1db523610784406	0	0	0	0	0	0	0	0
193681	15	20	5	79.447713	20.17566	0.0	0.0	99.623373	0.0	0.0	0.0	13	0		1.0015	1.002	0.0005	1.0018	0x881e625e5c30973b47cee3a0f3ef456012f13f7d	true	-887272	887272	0	0	0	0	100
221011	5	10	5	7.430735	2737.16228	2742.542867	0.0	2744.593015	0.0	0.0	0.0	100	0		1.0005	1.001	0.0005	1.0008	0xb0bada5d45d939a03c6d211d24a61a4418d7cd13	true	-887272	887272	0	0	0	0	100
222212	5	10	5	496.474339	547.493959	1016.28415	27.356024	1043.968298	0.0	0.0	0.0	100	0		1.0005	1.001	0.0005	1.0008	0xb0bada5d45d939a03c6d211d24a61a4418d7cd13	true	-887272	887272	0	0	0	0	100
256289	0	25	25	48.743798	5.286275	0.0	0.0	54.030073	0.0	0.0	0.0	100	0	8.7055759157e-06	1.0	1.0025	0.0025	1.0013	0xe08753f2caf86cfa29ce24b1ca765f6f3a25a68d	true	-887272	887272	0	0	2	2	100
305780	0	10	10	3.1031	4.468475	0.0	0.0	7.571574999999999	0.0	0.0	0.0	39	0		1.0	1.001	0.001	1.0005	0x96165cc60fd4f85c1453aa6e1d0d2360c3c494c5	0	0	0	0	0	0	0	0
375057	0	5	5	59.72204	139.733957	0.0	0.0	199.455997	0.0	0.0	0.0	12	0	7.2612044821e-06	1.0	1.0005	0.0005	1.0003	0x00a379b06f2269f46a6b99c1ea39c97e66525740	0	0	0	0	0	0	0	0
495216	0	20	20	113.840936	299.422373	0.0	0.0	413.263309	0.0	0.0	0.0	100	0	1.3177860025e-06	1.0	1.002	0.002	1.001	0xeccb9b9c6fb7590a4d0588953b3170a1a84e3341	0	0	0	0	0	2	1	0
