autoRebalance	cutoffTickLow	cutoffTickHigh	bufferTicksBelow	bufferTicksAbove	positionCount	avgTickSpacesBelow	avgTickSpacesAbove	avgDustBP	avgPriceImpactBP	avgSlippageBP
False	0	0	0	0	11683	3.1190618847898657	2.798082684242061	0.0	0.0	0.0
True	-887272	-283982	0	0	1	2.0	7.0	300.0	300.0	300.0
True	-887272	-282505	0	0	1	8.0	7.0	300.0	100.0	100.0
True	-887272	-280480	0	-1000	1	47.0	46.0	100.0	50.0	50.0
True	-887272	-280480	0	-750	2	26.0	57.5	100.0	50.0	50.0
True	-887272	-269393	50	100	65	7.246153846153846	7.246153846153846	100.0	50.0	50.0
True	-887272	-269393	150	300	2	8.0	8.0	100.0	50.0	50.0
True	-887272	-269393	200	1000	3	10.666666666666666	8.0	100.0	50.0	50.0
True	-887272	-48201	0	0	6	0.0	0.0	1000.0	11.0	11.0
True	-887272	-47803	0	0	1	0.0	0.0	1000.0	11.0	11.0
True	-887272	-46851	0	0	1	0.0	0.0	1000.0	11.0	11.0
True	-887272	-46800	0	0	8	0.0	0.0	1000.0	11.0	11.0
True	-887272	-45856	30	30	2	0.0	0.0	1500.0	11.0	11.0
True	-887272	-45798	30	30	1	0.0	0.0	1500.0	11.0	11.0
True	-887272	-45701	30	30	2	0.0	0.0	1500.0	11.0	11.0
True	-887272	-2614	0	0	1	2.0	2.0	300.0	300.0	300.0
True	-887272	119122	0	50	1	24.0	7.0	100.0	50.0	50.0
True	-887272	240203	0	0	36	2.9444444444444446	1.9444444444444444	300.0	100.0	100.0
True	-887272	887272	-2000	-2000	2	7.0	7.0	50.0	10.0	10.0
True	-887272	887272	-1500	-1500	2	3.5	3.5	50.0	10.0	10.0
True	-887272	887272	-1000	-1000	9	2.0	1.4444444444444444	100.0	30.0	10.0
True	-887272	887272	-1000	-100	4	25.0	24.0	100.0	100.0	100.0
True	-887272	887272	-1000	1000	4	2.5	2.0	100.0	50.0	50.0
True	-887272	887272	-900	0	9	10.333333333333334	3.6666666666666665	200.0	200.0	50.0
True	-887272	887272	-500	-500	22	2.0	1.5	100.0	30.0	10.0
True	-887272	887272	-450	-250	4	7.75	6.75	50.0	100.0	100.0
True	-887272	887272	-400	-400	1	32.0	31.0	100.0	30.0	30.0
True	-887272	887272	-400	-100	1	5.0	3.0	300.0	50.0	100.0
True	-887272	887272	-300	-300	1	20.0	19.0	100.0	50.0	50.0
True	-887272	887272	-300	-100	24	3.875	2.9166666666666665	283.3333333333333	266.6666666666667	266.6666666666667
True	-887272	887272	-300	0	3	4.0	3.0	100.0	50.0	50.0
True	-887272	887272	-250	-150	2	8.0	3.0	100.0	100.0	100.0
True	-887272	887272	-250	-100	1	9.0	8.0	50.0	100.0	100.0
True	-887272	887272	-200	-200	83	9.289156626506024	6.373493975903615	100.0	49.036144578313255	26.14457831325301
True	-887272	887272	-200	-150	2	5.5	4.5	100.0	50.0	50.0
True	-887272	887272	-200	-100	1	4.0	3.0	100.0	100.0	100.0
True	-887272	887272	-200	-50	3	18.666666666666668	17.666666666666668	100.0	50.0	50.0
True	-887272	887272	-170	-60	3	4.333333333333333	3.6666666666666665	100.0	50.0	50.0
True	-887272	887272	-150	-150	1	3.0	3.0	100.0	100.0	100.0
True	-887272	887272	-150	100	1	2.0	1.0	100.0	50.0	50.0
True	-887272	887272	-130	0	27	4.185185185185185	3.4444444444444446	100.0	50.0	50.0
True	-887272	887272	-125	-40	1	3.0	3.0	100.0	50.0	50.0
True	-887272	887272	-100	-200	6	13.5	12.833333333333334	100.0	50.0	50.0
True	-887272	887272	-100	-100	37	5.783783783783784	4.405405405405405	135.13513513513513	187.83783783783784	187.83783783783784
True	-887272	887272	-100	50	2	4.0	4.0	100.0	20.0	20.0
True	-887272	887272	-100	100	40	3.55	3.2	197.5	50.0	98.75
True	-887272	887272	-80	-80	96	3.84375	3.96875	344.2708333333333	100.10416666666667	100.10416666666667
True	-887272	887272	-80	-50	1	4.0	3.0	100.0	50.0	50.0
True	-887272	887272	-80	0	19	2.1052631578947367	2.0526315789473686	100.0	50.0	50.0
True	-887272	887272	-75	-75	123	3.967479674796748	3.983739837398374	400.0	30.0	30.0
True	-887272	887272	-70	-70	43	3.86046511627907	2.9302325581395348	209.30232558139534	287.4418604651163	287.4418604651163
True	-887272	887272	-70	-60	23	2.0	1.9565217391304348	100.0	150.0	150.0
True	-887272	887272	-70	-40	25	2.56	1.92	100.0	126.0	126.0
True	-887272	887272	-70	-30	1	2.0	1.0	100.0	50.0	50.0
True	-887272	887272	-70	0	11	1.4545454545454546	1.0909090909090908	100.0	118.18181818181819	118.18181818181819
True	-887272	887272	-60	-60	26	1.2692307692307692	1.2692307692307692	400.0	30.0	30.0
True	-887272	887272	-50	-50	317	4.425867507886435	4.113564668769716	167.35015772870662	61.60883280757098	61.60883280757098
True	-887272	887272	-50	-30	2	2.5	2.5	100.0	50.0	50.0
True	-887272	887272	-50	-20	6	1.6666666666666667	1.8333333333333333	100.0	50.0	50.0
True	-887272	887272	-50	0	20	1.65	1.0	100.0	102.5	102.5
True	-887272	887272	-48	-48	64	2.4375	2.3125	400.0	30.0	30.0
True	-887272	887272	-45	-60	1	0.0	0.0	100.0	50.0	50.0
True	-887272	887272	-40	-60	2	1.0	1.0	400.0	30.0	30.0
True	-887272	887272	-40	-50	2	2.5	2.5	100.0	50.0	50.0
True	-887272	887272	-40	-40	111	4.774774774774775	4.252252252252252	372.07207207207205	52.612612612612615	54.86486486486486
True	-887272	887272	-30	-90	1	1.0	2.0	100.0	50.0	50.0
True	-887272	887272	-30	-50	2	3.5	3.5	100.0	50.0	50.0
True	-887272	887272	-30	-40	1	4.0	3.0	100.0	50.0	50.0
True	-887272	887272	-30	-30	5	2.8	1.8	180.0	202.0	202.0
True	-887272	887272	-30	0	79	1.0	0.3291139240506329	100.0	256.9620253164557	256.9620253164557
True	-887272	887272	-25	-40	12	0.0	0.0	100.0	50.0	50.0
True	-887272	887272	-25	-30	1	0.0	0.0	100.0	50.0	50.0
True	-887272	887272	-25	-25	35	0.11428571428571428	0.14285714285714285	91.42857142857143	43.142857142857146	43.142857142857146
True	-887272	887272	-25	0	3	0.6666666666666666	0.3333333333333333	150.0	200.0	200.0
True	-887272	887272	-20	-50	1	4.0	3.0	100.0	50.0	50.0
True	-887272	887272	-20	-20	148	1.7094594594594594	1.0202702702702702	208.78378378378378	262.36486486486484	262.36486486486484
True	-887272	887272	-20	0	50	1.0	1.0	100.0	100.0	100.0
True	-887272	887272	-20	20	1	4.0	3.0	100.0	50.0	50.0
True	-887272	887272	-15	-15	76	0.0	0.0	97.36842105263158	60.526315789473685	56.578947368421055
True	-887272	887272	-12	-30	1	0.0	0.0	100.0	50.0	50.0
True	-887272	887272	-10	-20	20	0.0	0.0	100.0	50.0	50.0
True	-887272	887272	-10	-10	143	0.13286713286713286	0.02097902097902098	131.46853146853147	76.92307692307692	76.92307692307692
True	-887272	887272	-1	1	2	4.0	3.0	300.0	300.0	300.0
True	-887272	887272	0	-400	3	5.333333333333333	9.666666666666666	200.0	200.0	50.0
True	-887272	887272	0	-200	3	5.333333333333333	4.333333333333333	100.0	50.0	50.0
True	-887272	887272	0	-90	1	3.0	2.0	100.0	50.0	50.0
True	-887272	887272	0	-70	3	3.0	2.0	100.0	50.0	50.0
True	-887272	887272	0	-40	7	5.714285714285714	1.2857142857142858	100.0	50.0	50.0
True	-887272	887272	0	-35	1	1.0	0.0	100.0	300.0	300.0
True	-887272	887272	0	-30	5	2.0	2.0	100.0	100.0	100.0
True	-887272	887272	0	-25	12	1.0833333333333333	1.25	137.5	166.66666666666666	179.16666666666666
True	-887272	887272	0	-20	19	1.0	0.2631578947368421	150.0	250.0	250.0
True	-887272	887272	0	0	36914	2.2446226363981143	2.025247873435553	214.20396055697026	155.87338137292085	75.1087392317278
True	-887272	887272	0	1	8	0.625	0.5	100.0	100.0	100.0
True	-887272	887272	0	8	3	5.0	5.0	100.0	50.0	50.0
True	-887272	887272	0	10	1	0.0	0.0	1500.0	15.0	11.0
True	-887272	887272	0	25	12	3.25	2.25	100.0	50.0	65.0
True	-887272	887272	0	30	1	1.0	4.0	100.0	50.0	50.0
True	-887272	887272	0	100	6	3.1666666666666665	4.166666666666667	100.0	50.0	50.0
True	-887272	887272	0	200	4	4.75	6.75	100.0	50.0	50.0
True	-887272	887272	0	2500	1	0.0	1.0	100.0	50.0	50.0
True	-887272	887272	0	9860	4	6.5	2.5	100.0	50.0	50.0
True	-887272	887272	0	9900	1	14.0	5.0	100.0	50.0	50.0
True	-887272	887272	1	1	21	0.5714285714285714	0.23809523809523808	314.2857142857143	48.57142857142857	37.142857142857146
True	-887272	887272	2	2	35	0.34285714285714286	0.45714285714285713	54.285714285714285	12.285714285714286	12.285714285714286
True	-887272	887272	3	3	15	0.0	0.0	93.33333333333333	50.0	50.0
True	-887272	887272	5	5	13	0.3076923076923077	0.15384615384615385	307.6923076923077	33.84615384615385	36.15384615384615
True	-887272	887272	10	-10	1	1.0	0.0	100.0	5.0	5.0
True	-887272	887272	10	0	2	9.5	12.0	200.0	200.0	175.0
True	-887272	887272	10	10	339	3.0117994100294987	2.309734513274336	778.3185840707964	90.13569321533923	82.89085545722713
True	-887272	887272	10	300	2	6.5	2.5	100.0	50.0	10.0
True	-887272	887272	15	15	5	2.4	1.8	660.0	36.0	56.0
True	-887272	887272	15	20	1	1.0	2.0	100.0	50.0	50.0
True	-887272	887272	20	-20	1	4.0	3.0	100.0	50.0	50.0
True	-887272	887272	20	10	1	2.0	1.0	990.0	11.0	11.0
True	-887272	887272	20	20	122	2.098360655737705	2.942622950819672	158.60655737704917	46.82786885245902	40.68852459016394
True	-887272	887272	20	30	2	0.0	0.0	1500.0	15.0	15.0
True	-887272	887272	20	50	1	17.0	6.0	100.0	50.0	50.0
True	-887272	887272	25	10	15	0.9333333333333333	3.4	100.0	50.0	50.0
True	-887272	887272	25	25	135	1.1185185185185185	1.1481481481481481	165.92592592592592	53.0	52.25925925925926
True	-887272	887272	25	50	1	1.0	1.0	100.0	50.0	50.0
True	-887272	887272	30	-40	2	4.0	3.0	100.0	50.0	50.0
True	-887272	887272	30	10	1	0.0	0.0	1500.0	15.0	11.0
True	-887272	887272	30	30	49	2.142857142857143	2.061224489795918	1248.9795918367347	18.79591836734694	18.714285714285715
True	-887272	887272	31	31	2	11.0	10.0	100.0	50.0	50.0
True	-887272	887272	33	33	1	0.0	3.0	100.0	50.0	50.0
True	-887272	887272	40	-90	2	8.0	7.0	100.0	50.0	50.0
True	-887272	887272	40	-70	31	3.161290322580645	2.161290322580645	100.0	50.0	50.0
True	-887272	887272	40	40	7	0.0	0.0	1500.0	15.0	15.0
True	-887272	887272	50	0	1	0.0	0.0	100.0	50.0	50.0
True	-887272	887272	50	10	2	0.0	0.0	100.0	50.0	50.0
True	-887272	887272	50	20	1	2.0	1.0	100.0	50.0	50.0
True	-887272	887272	50	25	18	2.5555555555555554	2.4444444444444446	100.0	23.333333333333332	53.333333333333336
True	-887272	887272	50	50	485	2.5298969072164947	1.824742268041237	99.17525773195877	40.64742268041237	48.24742268041237
True	-887272	887272	50	300	8	5.75	4.75	100.0	300.0	300.0
True	-887272	887272	60	60	9	1.0	0.4444444444444444	55.55555555555556	45.55555555555556	45.55555555555556
True	-887272	887272	80	-80	2	3.0	4.0	300.0	300.0	300.0
True	-887272	887272	80	100	8	4.25	3.75	100.0	100.0	100.0
True	-887272	887272	100	-100	6	4.666666666666667	3.3333333333333335	233.33333333333334	40.0	73.33333333333333
True	-887272	887272	100	0	17	2.823529411764706	4.176470588235294	100.0	50.0	50.0
True	-887272	887272	100	50	69	2.6956521739130435	2.3333333333333335	100.0	50.0	50.0
True	-887272	887272	100	100	483	5.811594202898551	5.395445134575569	100.0	81.36645962732919	84.43064182194617
True	-887272	887272	100	200	13	2.1538461538461537	2.3846153846153846	100.0	50.0	50.0
True	-887272	887272	100	250	13	10.307692307692308	9.538461538461538	50.0	253.84615384615384	253.84615384615384
True	-887272	887272	125	125	3	1.3333333333333333	1.6666666666666667	100.0	50.0	50.0
True	-887272	887272	150	150	29	3.2758620689655173	2.2758620689655173	98.27586206896552	48.62068965517241	48.62068965517241
True	-887272	887272	150	250	2	3.5	3.5	100.0	50.0	50.0
True	-887272	887272	200	-100	3	3.3333333333333335	4.0	300.0	50.0	100.0
True	-887272	887272	200	100	4	3.0	2.0	100.0	50.0	50.0
True	-887272	887272	200	200	45	5.777777777777778	5.155555555555556	101.11111111111111	52.888888888888886	35.55555555555556
True	-887272	887272	250	250	10	6.0	5.0	100.0	95.0	65.0
True	-887272	887272	300	150	2	2.0	2.0	100.0	50.0	50.0
True	-887272	887272	300	300	2	7.0	5.0	100.0	10.0	10.0
True	-887272	887272	350	400	2	9.0	8.0	100.0	50.0	50.0
True	-887272	887272	400	400	6	5.833333333333333	4.666666666666667	100.0	36.666666666666664	36.666666666666664
True	-887272	887272	500	0	10	0.0	0.0	100.0	50.0	50.0
True	-887272	887272	500	500	3	3.3333333333333335	3.0	83.33333333333333	53.333333333333336	53.333333333333336
True	-887272	887272	600	100	1	0.0	0.0	50.0	50.0	50.0
True	-887272	887272	600	150	3	2.3333333333333335	2.0	100.0	50.0	50.0
True	-887272	887272	1000	-10	1	15.0	14.0	100.0	50.0	50.0
True	-887272	887272	1000	1000	6	3.5	2.0	100.0	75.0	75.0
True	-887272	887272	3000	5000	1	3.0	1.0	100.0	50.0	50.0
True	-887272	887272	3500	3000	1	15.0	16.0	100.0	50.0	50.0
True	-887272	887272	5000	0	1	12.0	5.0	100.0	35.0	25.0
True	-887272	887272	10000	0	1	12.0	5.0	100.0	35.0	25.0
True	-887272	887272	10000	8	2	5.0	5.0	100.0	50.0	50.0
True	-414487	887272	0	0	2	0.0	0.0	1000.0	11.0	11.0
True	-292420	-281433	50	50	1	0.0	1.0	300.0	300.0	300.0
True	-290394	-278888	1000	1000	15	6.133333333333334	5.533333333333333	50.0	10.0	10.0
True	-288037	-282655	1500	1500	3	2.0	2.0	50.0	10.0	10.0
True	-286823	-284090	0	0	2	3.0	2.0	300.0	300.0	300.0
True	-286823	-283665	0	0	1	3.0	2.0	300.0	300.0	300.0
True	-286500	887272	0	0	11	5.818181818181818	4.818181818181818	300.0	100.0	100.0
True	-286268	-281433	0	0	28	5.535714285714286	5.392857142857143	100.0	50.0	50.0
True	-286080	887272	25	50	2	6.0	5.0	100.0	50.0	50.0
True	-286080	887272	50	100	15	9.466666666666667	4.2	100.0	50.0	50.0
True	-285488	-284765	15	25	1	3.0	4.0	100.0	50.0	50.0
True	-285488	-284535	33	33	15	2.4	2.0	100.0	50.0	50.0
True	-285488	-283458	0	0	2	1.0	0.0	300.0	300.0	300.0
True	-285488	-281433	0	0	8	1.25	1.375	100.0	50.0	50.0
True	-285000	-281946	100	100	3	12.666666666666666	11.666666666666666	100.0	50.0	50.0
True	-285000	-281946	200	200	2	14.0	13.0	100.0	50.0	50.0
True	-285000	-281105	50	50	5	4.0	3.0	100.0	50.0	50.0
True	-285000	-281105	100	100	15	9.2	8.2	100.0	50.0	50.0
True	-284900	-281859	200	200	3	8.666666666666666	7.666666666666667	100.0	50.0	50.0
True	-284900	-281859	500	500	2	14.5	10.5	100.0	50.0	50.0
True	-284882	-281859	100	100	4	12.0	11.0	100.0	50.0	50.0
True	-284882	-281859	200	200	1	8.0	7.0	100.0	50.0	50.0
True	-284765	-280945	100	100	1	10.0	9.0	100.0	50.0	50.0
True	-284310	887272	20	20	18	1.0	1.0	100.0	50.0	50.0
True	-284310	887272	50	20	1	2.0	1.0	100.0	50.0	50.0
True	-284310	887272	100	20	2	1.5	1.0	100.0	50.0	50.0
True	-283256	-281433	0	0	1	3.0	0.0	100.0	50.0	50.0
True	-283256	887272	0	0	39	2.2051282051282053	1.0769230769230769	100.0	50.0	50.0
True	-282002	887272	50	50	2	2.0	1.0	100.0	50.0	50.0
True	-282002	887272	150	50	2	2.0	1.0	100.0	50.0	50.0
True	-281601	887272	2000	0	4	2.0	2.0	100.0	50.0	50.0
True	-280633	887272	0	0	1	23.0	23.0	100.0	50.0	50.0
True	-279891	887272	0	0	2	8.0	7.0	100.0	30.0	30.0
True	-279472	887272	0	0	2	4.0	3.0	100.0	25.0	25.0
True	-279472	887272	200	0	3	4.0	3.0	100.0	25.0	25.0
True	-279472	887272	200	50	1	4.0	3.0	100.0	25.0	25.0
True	-278188	887272	0	0	11	6.454545454545454	5.454545454545454	100.0	100.0	50.0
True	-276425	-275371	1	1	4	0.0	0.0	100.0	50.0	10.0
True	-276385	-276315	0	0	1	0.0	0.0	100.0	5.0	2.0
True	-85497	-80411	200	200	4	10.0	9.0	100.0	50.0	50.0
True	-46850	887272	0	0	1	0.0	0.0	1000.0	11.0	11.0
True	-8917	-944	50	50	23	0.5217391304347826	0.08695652173913043	100.0	97.82608695652173	50.0
True	-7986	-2877	50	50	3	0.0	0.6666666666666666	100.0	100.0	100.0
True	-5979	0	100	100	7	0.0	0.0	100.0	114.28571428571429	92.85714285714286
True	-5979	887272	100	100	1	0.0	0.0	100.0	50.0	50.0
True	-5109	-3567	50	50	1	0.0	0.0	100.0	120.0	120.0
True	-1054	59	100	100	6	1.0	0.0	100.0	50.0	50.0
True	-1054	3364	25	25	2	0.0	0.0	100.0	100.0	100.0
True	-513	887272	0	0	3	0.0	0.0	100.0	100.0	100.0
True	-101	102	0	0	17	1.0	0.058823529411764705	100.0	30.0	20.0
True	-101	953	0	0	3	0.0	0.0	50.0	10.0	10.0
True	-51	49	5	5	2	0.0	0.0	300.0	300.0	300.0
True	0	29	0	0	1	1.0	0.0	100.0	10.0	2.0
True	0	39	0	0	2	0.0	0.0	100.0	10.0	10.0
True	0	887272	0	0	2	1.0	0.0	100.0	7.5	2.0
True	487	887272	0	0	1	0.0	0.0	100.0	100.0	100.0
True	6734	11713	1500	1500	2	8.0	8.0	50.0	50.0	50.0
True	52472	887272	10	10	6	0.0	0.0	100.0	100.0	100.0
True	52985	887272	0	0	3	6.0	6.0	100.0	50.0	50.0
True	53281	887272	0	0	2	9.0	10.0	100.0	50.0	50.0
True	224107	887272	0	0	1	9.0	9.0	100.0	50.0	50.0
True	224126	887272	0	0	1	9.0	9.0	100.0	50.0	50.0
True	226732	244389	1500	1500	6	4.0	3.5	50.0	50.0	50.0
True	230270	241256	25	25	20	0.05	0.0	100.0	100.0	100.0
True	230270	241256	50	50	4	0.0	0.0	100.0	100.0	100.0
True	231899	887272	0	0	1	14.0	14.0	100.0	50.0	50.0
True	232093	241256	20	20	13	0.0	0.0	100.0	50.0	50.0
True	235576	887272	0	0	2	4.0	3.0	300.0	100.0	100.0
True	252344	262461	0	0	33	4.848484848484849	3.8484848484848486	100.0	50.0	78.78787878787878
True	269452	887272	0	10	1	10.0	7.0	100.0	50.0	50.0
True	276811	887272	0	0	1	12.0	5.0	100.0	35.0	25.0
True	286620	293868	200	200	7	3.857142857142857	3.0	100.0	50.0	50.0
True	286620	293868	1000	1000	3	0.3333333333333333	0.0	100.0	50.0	50.0
True	289542	299351	1500	1500	4	0.0	0.0	100.0	50.0	50.0
True	289542	299351	2500	2500	2	0.0	0.0	100.0	50.0	50.0
True	290187	887272	400	400	3	6.0	6.0	50.0	50.0	50.0
True	355338	355485	0	0	1	1.0	2.0	100.0	50.0	50.0
