id	tick_lower	tick_upper	ticks	deposited_token0	deposited_token1	collected_token0	collected_token1	total_deposited_usd	total_profit_usd	apr_30d	apr	in_range	in_range_swaps	price_lower	price_upper	price_range	price_mid	wallet	auto_rebalance	cutoff_tick_low	cutoff_tick_high	buffer_ticks_below	buffer_ticks_above	tick_spaces_below	tick_spaces_above	dust_bp
90948	-4	-3	1	1411.153293	1656.362815	0	3067.060405	3067.516108	2.2798321084374287	2.23	27.13	100	100	0.9996	0.9997	0.0001	0.9997	0xb0bada5d45d939a03c6d211d24a61a4418d7cd13	TRUE	-887272	887272	0	0	0	0	100
182113	1	2	1	13393.782153	45119.939183	0	58516.246892	58513.721336	43.209031785623246	2.22	26.95	99	100	1.2001	1.2002	0.0001	1.2002	0xb0bada5d45d939a03c6d211d24a61a4418d7cd13	TRUE	-887272	887272	0	0	0	0	100
182116	1	2	1	16036.351094	18271.916131	0	34311.099787	34308.267225	25.29174132763118	2.21	26.91	99	99	1.2001	1.2002	0.0001	1.2002	0xb0bada5d45d939a03c6d211d24a61a4418d7cd13	TRUE	-887272	887272	0	0	0	0	100
182119	1	2	1	2227.737764	1570.331472	0	3798.440946	3798.0692360000003	2.402146863920196	1.90	23.08	99	99	1.2001	1.2002	0.0001	1.2002	0xb0bada5d45d939a03c6d211d24a61a4418d7cd13	TRUE	-887272	887272	0	0	0	0	100
144382	11	12	1	247.595248	2706.695297	2951.19113	0	2954.2905450000003	1.8708402871050076	1.90	23.11	97	100	1.2011	1.2012	0.0001	1.2012	0xb0bada5d45d939a03c6d211d24a61a4418d7cd13	TRUE	-887272	887272	0	0	0	0	100
91792	-4	-3	1	1087.160983	910.949095	0	1997.754434	1998.1100780000002	1.2571538537770652	1.89	22.96	98	98	0.9996	0.9997	0.0001	0.9997	0x9ddc19759ff10b381e0e1fe2df88f5c07a69138a	TRUE	-887272	887272	0	0	0	0	100
144402	11	12	1	2886.467669	36017.767085	38862.973797	0	38904.234754	24.344262868084044	1.88	22.84	60	79	1.2011	1.2012	0.0001	1.2012	0xb0bada5d45d939a03c6d211d24a61a4418d7cd13	TRUE	-887272	887272	0	0	0	0	100
133920	8	9	1	939.534962	3057.939795	0	3998.309618	3997.474757	2.4921461226415773	1.87	22.76	0	97	1.2008	1.2009	0.0001	1.2009	0xb0bada5d45d939a03c6d211d24a61a4418d7cd13	TRUE	-887272	887272	0	0	0	0	100
194912	5	6	1	3239.498128	7504.719465	10740.204452	0	10744.217593000001	6.567334490788889	1.83	22.31	100	98	1.2005	1.2006	0.0001	1.2006	0x97b73b8eaa8662381383a67e0dbcab67f78337dd	TRUE	-887272	887272	0	0	0	0	100
162686	1	2	1	38515.545965	20019.034175	0	58541.016248	58534.58014	34.83731361843583	1.79	21.72	100	100	1.2001	1.2002	0.0001	1.2002	0xb0bada5d45d939a03c6d211d24a61a4418d7cd13	TRUE	-887272	887272	0	0	0	0	100
162690	1	2	1	22583.95396	11738.349667	0	34326.077499	34322.303627	20.341067395895827	1.78	21.63	100	100	1.2001	1.2002	0.0001	1.2002	0xb0bada5d45d939a03c6d211d24a61a4418d7cd13	TRUE	-887272	887272	0	0	0	0	100
162694	1	2	1	1929.698678	1002.989905	0	2933.011043	2932.688583	1.7314012315750062	1.77	21.55	100	100	1.2001	1.2002	0.0001	1.2002	0xb0bada5d45d939a03c6d211d24a61a4418d7cd13	TRUE	-887272	887272	0	0	0	0	100
162701	1	2	1	25557.106829	13283.690578	0	38845.068105	38840.797407	22.71066382780443	1.75	21.34	100	100	1.2001	1.2002	0.0001	1.2002	0xb0bada5d45d939a03c6d211d24a61a4418d7cd13	TRUE	-887272	887272	0	0	0	0	100
113035	-3	-2	1	775.289001	2280.977808	0	3056.101944	3056.266809	1.7734314473908968	1.74	21.18	100	100	0.9997	0.9998	0.0001	0.9998	0xb0bada5d45d939a03c6d211d24a61a4418d7cd13	TRUE	-887272	887272	0	0	0	0	100
144680	11	12	1	522.255412	983.483267	1504.625426	0	1505.738679	0.8635879031092636	1.72	20.93	100	100	1.2011	1.2012	0.0001	1.2012	0xd9cf2e3e07955af2f272030e35a948326cf733f7	FALSE	0	0	0	0	0	0	0
134447	12	13	1	2922.777909	1067.736716	3989.219919	0	3990.514625	2.238604222456008	1.68	20.48	100	99	1.2012	1.2013	0.0001	1.2013	0xb0bada5d45d939a03c6d211d24a61a4418d7cd13	TRUE	-887272	887272	0	0	0	0	100
134449	12	13	1	2170.307177	810.20744	2979.53201	0	2980.5146170000003	1.6697793928104034	1.68	20.45	100	100	1.2012	1.2013	0.0001	1.2013	0xb0bada5d45d939a03c6d211d24a61a4418d7cd13	TRUE	-887272	887272	0	0	0	0	100
168332	2	3	1	48027.105789	10492.798839	58517.712354	0	58519.904628000004	65.01829682344372	1.67	20.28	100	99	1.2002	1.2003	0.0001	1.2003	0xb0bada5d45d939a03c6d211d24a61a4418d7cd13	TRUE	-887272	887272	0	0	0	0	100
67803	4	6	2	0.897218	0.817815	1.714666	0	1.715033	0.0009548750512306723	1.67	20.32	84	68	1.2004	1.2006	0.0002	1.2005	0x7617452156f474836604c1a79c79c0627be5fe74	FALSE	0	0	0	0	1	0	0
168336	2	3	1	28161.140208	6152.550199	34312.404947	0	34313.690407	38.07710406973243	1.66	20.25	100	99	1.2002	1.2003	0.0001	1.2003	0xb0bada5d45d939a03c6d211d24a61a4418d7cd13	TRUE	-887272	887272	0	0	0	0	100
113175	-3	-2	1	21771.705481	32249.609595	0	54016.522843	54021.315076	29.813183120954413	1.66	20.14	100	100	0.9997	0.9998	0.0001	0.9998	0xc82335bbdc978ce2e1f1c6c4f9e5bb2270bb2af1	FALSE	0	0	0	0	0	0	0
168338	2	3	1	2406.2445	525.708121	2931.842783	0	2931.952621	3.2515667880349244	1.66	20.24	100	99	1.2002	1.2003	0.0001	1.2003	0xb0bada5d45d939a03c6d211d24a61a4418d7cd13	TRUE	-887272	887272	0	0	0	0	100
113178	-3	-2	1	13900.083568	20589.671708	0	34486.695688	34489.755276	19.013980159613986	1.65	20.12	100	100	0.9997	0.9998	0.0001	0.9998	0xc82335bbdc978ce2e1f1c6c4f9e5bb2270bb2af1	FALSE	0	0	0	0	0	0	0
113185	-3	-2	1	1869.101045	2779.468831	0	4648.15855	4648.5698760000005	2.5603551905281368	1.65	20.10	100	100	0.9997	0.9998	0.0001	0.9998	0xc82335bbdc978ce2e1f1c6c4f9e5bb2270bb2af1	FALSE	0	0	0	0	0	0	0
141983	7	8	1	3062.915787	921.22281	0	3986.471945	3984.138597	2.184544981873822	1.64	20.01	100	67	1.2007	1.2008	0.0001	1.2008	0xb0bada5d45d939a03c6d211d24a61a4418d7cd13	TRUE	-887272	887272	0	0	0	0	100
191905	5	6	1	23593.032786	34892.823951	58467.375519	0	58485.856736999995	63.39645336595278	1.63	19.78	100	99	1.2005	1.2006	0.0001	1.2006	0xb0bada5d45d939a03c6d211d24a61a4418d7cd13	TRUE	-887272	887272	0	0	0	0	100
191911	5	6	1	13833.991217	20459.727431	34282.882016	0	34293.718648	36.75825748197005	1.61	19.56	100	99	1.2005	1.2006	0.0001	1.2006	0xb0bada5d45d939a03c6d211d24a61a4418d7cd13	TRUE	-887272	887272	0	0	0	0	100
141984	7	8	1	1524.819708	1435.655827	0	2961.656505	2960.475535	1.5890880824435634	1.61	19.59	100	65	1.2007	1.2008	0.0001	1.2008	0xb0bada5d45d939a03c6d211d24a61a4418d7cd13	TRUE	-887272	887272	0	0	0	0	100
204679	2	3	1	6293.051822	23717.537378	30004.909503	0	30010.589200000002	32.02952448758935	1.60	19.48	97	99	1.2002	1.2003	0.0001	1.2003	0xb0bada5d45d939a03c6d211d24a61a4418d7cd13	TRUE	-887272	887272	0	0	0	0	100
204688	2	3	1	12257.326581	46195.964943	58442.228863	0	58453.291524	61.85418501203456	1.59	19.31	98	99	1.2002	1.2003	0.0001	1.2003	0xb0bada5d45d939a03c6d211d24a61a4418d7cd13	TRUE	-887272	887272	0	0	0	0	100
204693	2	3	1	7189.193771	27094.957551	34277.662826	0	34284.151322	36.23360013994103	1.59	19.29	98	99	1.2002	1.2003	0.0001	1.2003	0xb0bada5d45d939a03c6d211d24a61a4418d7cd13	TRUE	-887272	887272	0	0	0	0	100
204684	2	3	1	795.901244	2999.628484	3794.811399	0	3795.529728	4.033433462968292	1.59	19.39	98	99	1.2002	1.2003	0.0001	1.2003	0xb0bada5d45d939a03c6d211d24a61a4418d7cd13	TRUE	-887272	887272	0	0	0	0	100
191918	5	6	1	1531.502847	2265.01017	3795.313338	0	3796.513017	4.032004433189509	1.59	19.38	100	99	1.2005	1.2006	0.0001	1.2006	0xb0bada5d45d939a03c6d211d24a61a4418d7cd13	TRUE	-887272	887272	0	0	0	0	100
194567	5	6	1	488.209735	1131.737373	592.383899	1027.50502	1619.9471079999998	0.8375488172399472	1.55	18.87	100	100	1.2005	1.2006	0.0001	1.2006	0x6f27486b6c9a7a7fef4a6186aa9c0ba746a5a0dd	FALSE	0	0	0	0	0	0	0
100800	1	2	1	70.119084	2988.874308	3058.548542	0	3058.993392	3.12796116658508	1.53	18.66	100	100	1.2001	1.2002	0.0001	1.2002	0xb0bada5d45d939a03c6d211d24a61a4418d7cd13	TRUE	-887272	887272	0	0	0	0	100
100837	1	2	1	4807.53626	29700.954035	34504.242586	0	34508.490294999996	34.409040075573394	1.50	18.20	77	73	1.2001	1.2002	0.0001	1.2002	0xc82335bbdc978ce2e1f1c6c4f9e5bb2270bb2af1	FALSE	0	0	0	0	0	0	0
99659	1	7	6	1281.917152	704.758291	1869.227027	117.316784	1986.675443	0.9900654848350521	1.50	18.19	100	100	1.2001	1.2007	0.0006	1.2004	0x9ddc19759ff10b381e0e1fe2df88f5c07a69138a	TRUE	-887272	887272	0	0	3	2	100
99616	3	4	1	2080.031044	983.093739	0	3063.886266	3063.1247829999998	1.5221259802180724	1.49	18.14	100	94	1.2003	1.2004	0.0001	1.2004	0xb0bada5d45d939a03c6d211d24a61a4418d7cd13	TRUE	-887272	887272	0	0	0	0	100
100863	1	2	1	17995.2218	36651.28468	54641.612889	0	54646.50648	53.988287179890634	1.48	18.03	77	73	1.2001	1.2002	0.0001	1.2002	0xc82335bbdc978ce2e1f1c6c4f9e5bb2270bb2af1	FALSE	0	0	0	0	0	0	0
100868	1	2	1	1608.698816	3042.252843	4650.547986	0	4650.951659	4.587346980932972	1.48	18.00	77	73	1.2001	1.2002	0.0001	1.2002	0xc82335bbdc978ce2e1f1c6c4f9e5bb2270bb2af1	FALSE	0	0	0	0	0	0	0
145238	11	12	1	9701.094194	1157.851431	10857.666592	0	10858.945625	5.330432417383916	1.47	17.92	54	72	1.2011	1.2012	0.0001	1.2012	0x0bd7e0f100bf5bc1b635fe2f67435a3f35868b9d	FALSE	0	0	0	0	0	0	0
204682	2	3	1	3129.332808	8578.66938	11618.53869	87.43016	11708.002187999999	11.403485039843167	1.46	17.78	98	99	1.2002	1.2003	0.0001	1.2003	0xb0bada5d45d939a03c6d211d24a61a4418d7cd13	TRUE	-887272	887272	0	0	0	0	100
110056	-1	0	1	130.051917	2927.30828	3057.512784	0	3057.360197	1.4904597253825758	1.46	17.79	100	100	0.9999	1.2000	0.0001	1.2000	0xb0bada5d45d939a03c6d211d24a61a4418d7cd13	TRUE	-887272	887272	0	0	0	0	100
113554	-3	-2	1	493.822608	519.420182	0	1013.13201	1013.24279	0.4906574469128018	1.45	17.67	100	100	0.9997	0.9998	0.0001	0.9998	0x7617452156f474836604c1a79c79c0627be5fe74	FALSE	0	0	0	0	0	0	0
133922	8	9	1	717.406333	2334.969386	0	3053.013199	3052.375719	1.4565893434112092	1.43	17.42	0	100	1.2008	1.2009	0.0001	1.2009	0xb0bada5d45d939a03c6d211d24a61a4418d7cd13	TRUE	-887272	887272	0	0	0	0	100
81838	-2	-1	1	2298.548504	770.162143	3068.855019	0	3068.710647	1.4539310048944818	1.42	17.29	100	100	0.9998	0.9999	0.0001	0.9999	0xb0bada5d45d939a03c6d211d24a61a4418d7cd13	TRUE	-887272	887272	0	0	0	0	100
144388	11	12	1	245.064466	3731.995804	2655.631302	1318.622798	3977.06027	1.8413102406215065	1.39	16.90	100	100	1.2011	1.2012	0.0001	1.2012	0xb0bada5d45d939a03c6d211d24a61a4418d7cd13	TRUE	-887272	887272	0	0	0	0	100
169781	2	3	1	6899.583423	31964.041181	38855.918703	0	38863.624604	35.225653353927044	1.36	16.54	100	97	1.2002	1.2003	0.0001	1.2003	0xb0bada5d45d939a03c6d211d24a61a4418d7cd13	TRUE	-887272	887272	0	0	0	0	100
196816	5	6	1	5760.615202	24260.758557	30008.267407	0	30021.373759000002	13.484365638326224	1.35	16.39	100	98	1.2005	1.2006	0.0001	1.2006	0x4deb56a42fc63650b2f0bfb9abe1850e3a091371	FALSE	0	0	0	0	0	0	0
81978	-2	-1	1	49348.318861	21433.420402	70534.245228	251.410428	70781.739263	30.153953896321443	1.28	15.55	62	61	0.9998	0.9999	0.0001	0.9999	0x788b8b3e7063d17fb0c6dfdbf26d45b82f51c82c	TRUE	-887272	887272	0	0	0	0	100
204681	2	3	1	8778.399465	12474.203629	21249.635059	0	21252.603094	18.108449465947892	1.28	15.55	98	99	1.2002	1.2003	0.0001	1.2003	0xb0bada5d45d939a03c6d211d24a61a4418d7cd13	TRUE	-887272	887272	0	0	0	0	100
182122	1	2	1	7412.657832	1044.383212	0	8458.188835	8457.041044	3.6103668263477724	1.28	15.58	99	99	1.2001	1.2002	0.0001	1.2002	0xb0bada5d45d939a03c6d211d24a61a4418d7cd13	TRUE	-887272	887272	0	0	0	0	100
205126	2	3	1	28311.567197	10599.01385	38908.317203	0	38910.581047	32.89572079926796	1.27	15.43	98	99	1.2002	1.2003	0.0001	1.2003	0xb0bada5d45d939a03c6d211d24a61a4418d7cd13	TRUE	-887272	887272	0	0	0	0	100
152882	9	10	1	60103.512283	1728.41727	61830.372343	0	61831.929552999994	25.57562542076495	1.24	15.10	69	68	1.2009	1.2010	0.0001	1.2010	0x47d06a6d5e3f4e738dea3e8df98a4525499f7619	FALSE	0	0	0	0	0	0	0
68586	4	6	2	394.690137	429.490523	823.985791	0	824.18066	0.33447113792492217	1.22	14.81	76	59	1.2004	1.2006	0.0002	1.2005	0x154b4661a08eaffc746bdf7451a17ee50ee904cf	TRUE	-887272	887272	0	0	0	1	100
88068	-3	-2	1	295.587928	2772.101749	3068.396109	0	3067.689677	1.2369196184990285	1.21	14.72	98	99	0.9997	0.9998	0.0001	0.9998	0xb0bada5d45d939a03c6d211d24a61a4418d7cd13	TRUE	-887272	887272	0	0	0	0	100
134491	12	13	1	10266.187781	42526.166134	52739.645446	0	52792.353915	41.413814704059234	1.18	14.32	44	48	1.2012	1.2013	0.0001	1.2013	0xb0bada5d45d939a03c6d211d24a61a4418d7cd13	TRUE	-887272	887272	0	0	0	0	100
82234	-3	-1	2	671.614365	1325.619401	1997.543481	0	1997.2337659999998	0.7819942879499986	1.17	14.29	96	96	0.9997	0.9999	0.0002	0.9998	0x80e42cad02a7f4b30269fd4241d9c33f039a142e	FALSE	0	0	0	0	0	0	0
134591	12	13	1	1076.876638	37799.476466	38829.187985	0	38876.353104	30.061830832646777	1.16	14.11	82	80	1.2012	1.2013	0.0001	1.2013	0xb0bada5d45d939a03c6d211d24a61a4418d7cd13	TRUE	-887272	887272	0	0	0	0	100
205496	2	3	1	31312.944924	8680.93591	39992.050703	0	39993.880833999996	30.533812607082755	1.15	13.93	97	99	1.2002	1.2003	0.0001	1.2003	0x7a4ccb5e285ff802f450a8cb599539edf33b40b1	TRUE	-887272	887272	0	0	0	0	100
155008	9	10	1	33484.05029	5371.296872	38850.478349	0	38855.347162	14.642400212339783	1.13	13.75	83	89	1.2009	1.2010	0.0001	1.2010	0xb0bada5d45d939a03c6d211d24a61a4418d7cd13	TRUE	-887272	887272	0	0	0	0	100
155010	9	10	1	2496.587708	448.162983	2944.34414	0	2944.750691	1.109424338339819	1.13	13.75	94	99	1.2009	1.2010	0.0001	1.2010	0xb0bada5d45d939a03c6d211d24a61a4418d7cd13	TRUE	-887272	887272	0	0	0	0	100
99895	5	6	1	2710.581081	350.679447	0	3062.767208	3061.260528	1.1393532516212317	1.12	13.58	0	100	1.2005	1.2006	0.0001	1.2006	0xb0bada5d45d939a03c6d211d24a61a4418d7cd13	TRUE	-887272	887272	0	0	0	0	100
193803	5	6	1	13164.564989	25702.755412	38853.623664	0	38867.320401	28.75312197072764	1.11	13.50	97	93	1.2005	1.2006	0.0001	1.2006	0xb0bada5d45d939a03c6d211d24a61a4418d7cd13	TRUE	-887272	887272	0	0	0	0	100
182128	1	2	1	23406.560449	15493.203491	0	38903.741146	38899.763940000004	28.46700144250326	1.10	13.36	87	70	1.2001	1.2002	0.0001	1.2002	0xb0bada5d45d939a03c6d211d24a61a4418d7cd13	TRUE	-887272	887272	0	0	0	0	100
191917	5	6	1	6057.152142	9037.904625	15090.268811	0	15095.056766999998	10.624879840966745	01.06	12.85	100	99	1.2005	1.2006	0.0001	1.2006	0xb0bada5d45d939a03c6d211d24a61a4418d7cd13	TRUE	-887272	887272	0	0	0	0	100
99879	4	6	2	25.462192	24.687563	0	50.163742	50.149755	0.01775223410320247	01.06	12.92	100	100	1.2004	1.2006	0.0002	1.2005	0x2371d57b23b7d6a56bb88b246b75dc653a4dede4	FALSE	0	0	0	0	0	0	0
143014	11	13	2	3142.122324	5781.572069	7245.020243	1673.815694	8923.694393	2.9314756757086924	0.99	11.99	100	100	1.2011	1.2013	0.0002	1.2012	0xc61cc3107ad698103ace17beb39b1ac139646209	TRUE	-887272	887272	0	0	1	0	100
150866	9	10	1	637.898073	2314.201628	2949.92736	0	2952.0997009999996	0.9731828976731771	0.99	12.03	93	99	1.2009	1.2010	0.0001	1.2010	0xb0bada5d45d939a03c6d211d24a61a4418d7cd13	TRUE	-887272	887272	0	0	0	0	100
150867	9	10	1	324.250275	1176.332936	1499.478986	0	1500.5832110000001	0.4926650437100829	0.98	11.98	92	94	1.2009	1.2010	0.0001	1.2010	0xb0bada5d45d939a03c6d211d24a61a4418d7cd13	TRUE	-887272	887272	0	0	0	0	100
134004	10	11	1	419.467252	3577.142274	0	3997.068964	3996.6095259999997	1.2682706685165046	0.95	11.58	100	100	1.2010	1.2011	0.0001	1.2011	0xb0bada5d45d939a03c6d211d24a61a4418d7cd13	TRUE	-887272	887272	0	0	0	0	100
142262	5	6	1	1494.14047	2487.074126	0	3982.083241	3981.214596	1.2591141931891472	0.95	11.54	70	96	1.2005	1.2006	0.0001	1.2006	0xb0bada5d45d939a03c6d211d24a61a4418d7cd13	TRUE	-887272	887272	0	0	0	0	100
169386	2	3	1	11483.116867	50318.659579	61789.666418	0	61801.776446	57.94113594298229	0.94	11.41	66	67	1.2002	1.2003	0.0001	1.2003	0x47d06a6d5e3f4e738dea3e8df98a4525499f7619	FALSE	0	0	0	0	0	0	0
150017	10	11	1	1739.297505	1212.539838	2950.600606	0	2951.837343	0.9268667059792123	0.94	11.46	100	98	1.2010	1.2011	0.0001	1.2011	0xb0bada5d45d939a03c6d211d24a61a4418d7cd13	TRUE	-887272	887272	0	0	0	0	100
150020	10	11	1	910.247444	590.207437	1499.853409	0	1500.4548810000001	0.4700317228159829	0.94	11.43	100	97	1.2010	1.2011	0.0001	1.2011	0xb0bada5d45d939a03c6d211d24a61a4418d7cd13	TRUE	-887272	887272	0	0	0	0	100
155519	9	10	1	8657.39577	49990.69731	58600.995747	0	58648.093080000006	18.09009043470037	0.93	11.26	99	100	1.2009	1.2010	0.0001	1.2010	0xc82335bbdc978ce2e1f1c6c4f9e5bb2270bb2af1	FALSE	0	0	0	0	0	0	0
194832	5	6	1	813.703264	1886.501361	2699.195804	0	2700.2046250000003	1.6766130244487074	0.93	11.33	59	77	1.2005	1.2006	0.0001	1.2006	0xf1d0611d4258b465b07021ce91e96516f80cf755	FALSE	0	0	0	0	0	0	0
142265	5	6	1	1322.391706	1635.25305	0	2958.408801	2957.644756	0.9187464454745838	0.93	11.34	70	95	1.2005	1.2006	0.0001	1.2006	0xb0bada5d45d939a03c6d211d24a61a4418d7cd13	TRUE	-887272	887272	0	0	0	0	100
155525	9	10	1	5020.862551	29371.946778	34365.13498	0	34392.809329	10.584513809396594	0.92	11.23	99	99	1.2009	1.2010	0.0001	1.2010	0xc82335bbdc978ce2e1f1c6c4f9e5bb2270bb2af1	FALSE	0	0	0	0	0	0	0
101827	1	2	1	163.209412	81.542488	66.11816	178.648608	244.75189999999998	0.07534437308304168	0.92	11.24	100	100	1.2001	1.2002	0.0001	1.2002	0x5cf6e510e0c123e1e839376f8ea1900bb9b9a6c1	TRUE	-887272	887272	0	0	0	0	100
130775	4	5	1	3432.584221	564.545035	0	3998.69843	3997.129256	1.2114802018586337	0.91	11.06	92	99	1.2004	1.2005	0.0001	1.2005	0xb0bada5d45d939a03c6d211d24a61a4418d7cd13	TRUE	-887272	887272	0	0	0	0	100
64420	-3	-2	1	0.676545	1.039252	0	1.715648	1.715797	0.0005169834260539946	0.90	11.00	52	31	0.9997	0.9998	0.0001	0.9998	0x7617452156f474836604c1a79c79c0627be5fe74	FALSE	0	0	0	0	0	0	0
130778	4	5	1	2620.743854	431.368172	0	3053.310087	3052.112026	0.8835050268135801	0.87	10.57	92	99	1.2004	1.2005	0.0001	1.2005	0xb0bada5d45d939a03c6d211d24a61a4418d7cd13	TRUE	-887272	887272	0	0	0	0	100
93069	-4	-2	2	506.848352	215.591891	0	722.303342	722.440243	0.20979126641504645	0.87	10.60	81	59	0.9996	0.9998	0.0002	0.9997	0x154b4661a08eaffc746bdf7451a17ee50ee904cf	TRUE	-887272	887272	0	0	1	0	100
120588	-2	-1	1	2210.977664	845.199661	0	3055.876289	3056.177325	0.851111815900472	0.84	10.16	100	100	0.9998	0.9999	0.0001	0.9999	0xb0bada5d45d939a03c6d211d24a61a4418d7cd13	TRUE	-887272	887272	0	0	0	0	100
120618	-2	-1	1	25542.312158	28467.09531	0	54006.249658	54009.407468000005	14.744832565257449	0.82	9.96	82	67	0.9998	0.9999	0.0001	0.9999	0xc82335bbdc978ce2e1f1c6c4f9e5bb2270bb2af1	FALSE	0	0	0	0	0	0	0
120622	-2	-1	1	16154.492115	18327.64246	0	34480.140968	34482.134575	9.404950883933962	0.82	9.96	82	67	0.9998	0.9999	0.0001	0.9999	0xc82335bbdc978ce2e1f1c6c4f9e5bb2270bb2af1	FALSE	0	0	0	0	0	0	0
120624	-2	-1	1	2177.316779	2470.215911	0	4647.263989	4647.53269	1.266424117908962	0.82	9.95	82	67	0.9998	0.9999	0.0001	0.9999	0xc82335bbdc978ce2e1f1c6c4f9e5bb2270bb2af1	FALSE	0	0	0	0	0	0	0
120616	-2	-1	1	479.072335	533.929652	0	1012.942758	1013.0019870000001	0.2770147188646666	0.82	9.98	82	68	0.9998	0.9999	0.0001	0.9999	0x7617452156f474836604c1a79c79c0627be5fe74	FALSE	0	0	0	0	0	0	0
80441	0	1	1	1882.83499	1186.854538	3069.666585	0	3069.689528	0.8244467568499148	0.81	9.80	100	97	1.2000	1.2001	0.0001	1.2000	0xe0a86afb73c0922a50d4a985a25507ecda8a9b51	TRUE	-887272	887272	0	0	0	0	100
162175	3	4	1	34374.808191	24170.687963	58537.74773	0	58545.49615399999	15.590578945890194	0.80	9.72	100	91	1.2003	1.2004	0.0001	1.2004	0xb0bada5d45d939a03c6d211d24a61a4418d7cd13	TRUE	-887272	887272	0	0	0	0	100
207596	2	3	1	422.698606	41.494591	420.943264	43.250299	464.193197	0.1231421687430433	0.80	9.68	100	100	1.2002	1.2003	0.0001	1.2003	0x6f27486b6c9a7a7fef4a6186aa9c0ba746a5a0dd	FALSE	0	0	0	0	0	0	0
162177	3	4	1	25951.131656	12884.938314	38831.991639	0	38836.069970000004	10.287582460036973	0.79	9.67	100	91	1.2003	1.2004	0.0001	1.2004	0xb0bada5d45d939a03c6d211d24a61a4418d7cd13	TRUE	-887272	887272	0	0	0	0	100
162179	3	4	1	1906.386569	1026.786652	2932.847284	0	2933.173221	0.7727195351956749	0.79	9.62	100	91	1.2003	1.2004	0.0001	1.2004	0xb0bada5d45d939a03c6d211d24a61a4418d7cd13	TRUE	-887272	887272	0	0	0	0	100
115933	-3	-2	1	21946.741829	16990.608911	0	38932.343774	38937.350739999994	10.05624610312141	0.77	9.43	100	100	0.9997	0.9998	0.0001	0.9998	0x73e9f22012883e19521aa8060b0603d708bf4390	FALSE	0	0	0	0	0	0	0
162189	3	4	1	24855.587248	9471.545213	34324.160974	0	34327.132461	8.806438017963853	0.77	9.36	100	91	1.2003	1.2004	0.0001	1.2004	0xb0bada5d45d939a03c6d211d24a61a4418d7cd13	TRUE	-887272	887272	0	0	0	0	100
103252	1	2	1	24720.733656	63006.848259	87719.019482	0	87727.581915	44.19077633787151	0.76	9.19	49	46	1.2001	1.2002	0.0001	1.2002	0x35dabbf0190cb68dee6d58b7ebfd28dd34959879	FALSE	0	0	0	0	0	0	0
154081	6	7	1	36862.945178	2003.25834	0	38890.266023	38866.203518	9.596881188298983	0.74	09.01	78	89	1.2006	1.2007	0.0001	1.2007	0xb0bada5d45d939a03c6d211d24a61a4418d7cd13	TRUE	-887272	887272	0	0	0	0	100
154084	6	7	1	2665.267003	282.41083	0	2949.423501	2947.6778329999997	0.725779253415284	0.74	8.99	85	96	1.2006	1.2007	0.0001	1.2007	0xb0bada5d45d939a03c6d211d24a61a4418d7cd13	TRUE	-887272	887272	0	0	0	0	100
150111	10	11	1	40564.101293	18018.644665	58564.449473	0	58582.745958	14.123414634640525	0.72	8.80	24	23	1.2010	1.2011	0.0001	1.2011	0xc82335bbdc978ce2e1f1c6c4f9e5bb2270bb2af1	FALSE	0	0	0	0	0	0	0
79962	0	2	2	606.071253	215.131343	802.191447	19.005877	821.202596	0.195974324479673	0.72	8.71	44	39	1.2000	1.2002	0.0002	1.2001	0x154b4661a08eaffc746bdf7451a17ee50ee904cf	FALSE	0	0	0	0	1	0	0
159925	6	7	1	2357.912816	56249.200065	58570.677753	0	58607.112880999994	13.645756567159435	0.70	8.50	100	96	1.2006	1.2007	0.0001	1.2007	0xb0bada5d45d939a03c6d211d24a61a4418d7cd13	TRUE	-887272	887272	0	0	0	0	100
159930	6	7	1	2276.775778	32091.174059	34347.204682	0	34367.949837	7.970328139349977	0.70	8.46	100	96	1.2006	1.2007	0.0001	1.2007	0xb0bada5d45d939a03c6d211d24a61a4418d7cd13	TRUE	-887272	887272	0	0	0	0	100
178152	2	3	1	86.985345	1892.795098	1979.311484	0	1979.780443	0.4600120379777426	0.70	8.48	100	96	1.2002	1.2003	0.0001	1.2003	0x1fd6e15cd7548ec27443690ce5aa3320b1869c3d	TRUE	-887272	887272	0	0	0	0	100
127211	1	2	1	35734.503212	3138.22734	0	38878.235101	38872.730552	8.90141843707517	0.69	8.36	51	18	1.2001	1.2002	0.0001	1.2002	0xb0bada5d45d939a03c6d211d24a61a4418d7cd13	TRUE	-887272	887272	0	0	0	0	100
159931	6	7	1	418.516597	2517.767136	2934.665738	0	2936.2837329999998	0.6791675833565562	0.69	8.44	100	96	1.2006	1.2007	0.0001	1.2007	0xb0bada5d45d939a03c6d211d24a61a4418d7cd13	TRUE	-887272	887272	0	0	0	0	100
116561	-3	-2	1	156343.808057	121744.114889	0	278052.26561	278087.922946	63.30092463336221	0.68	8.31	100	100	0.9997	0.9998	0.0001	0.9998	0x35dabbf0190cb68dee6d58b7ebfd28dd34959879	FALSE	0	0	0	0	0	0	0
127215	1	2	1	2701.094301	351.987824	0	3053.502868	3053.082125	0.6834590804711772	0.67	8.17	100	98	1.2001	1.2002	0.0001	1.2002	0xb0bada5d45d939a03c6d211d24a61a4418d7cd13	TRUE	-887272	887272	0	0	0	0	100
99727	5	6	1	2791.166301	270.704929	3061.734722	0	3061.87123	0.6830118325106195	0.67	8.14	0	50	1.2005	1.2006	0.0001	1.2006	0xb0bada5d45d939a03c6d211d24a61a4418d7cd13	TRUE	-887272	887272	0	0	0	0	100
83128	-3	0	3	441.063239	281.45406	722.585291	0	722.5172990000001	0.16021651575594023	0.67	08.09	73	76	0.9997	1.2000	0.0003	0.9999	0x154b4661a08eaffc746bdf7451a17ee50ee904cf	TRUE	-887272	887272	0	0	1	1	100
142222	10	13	3	451.424663	559.518241	1010.337316	0	1010.942904	0.4335137575795185	0.64	7.83	76	83	1.2010	1.2013	0.0003	1.2012	0x7617452156f474836604c1a79c79c0627be5fe74	FALSE	0	0	0	0	1	1	0
197434	5	6	1	17.159235	77.438373	94.555732	0	94.597608	0.039092624230719714	0.62	7.54	43	61	1.2005	1.2006	0.0001	1.2006	0xfa99b2e7e59f825317be8d88ce170523ead1acc7	FALSE	0	0	0	0	0	0	0
162693	0	3	3	8232.771941	6664.370592	0	14898.92996	14897.142533000002	12.183718764652545	0.61	7.46	99	100	1.2000	1.2003	0.0003	1.2002	0xb0bada5d45d939a03c6d211d24a61a4418d7cd13	TRUE	-887272	887272	0	0	1	1	100
127219	1	2	1	1033.002396	1034.575884	0	2067.756398	2067.57828	0.4177990659558888	0.61	7.38	88	53	1.2001	1.2002	0.0001	1.2002	0x174ce575c74b025a99173e26df4930c10e5c5555	FALSE	0	0	0	0	0	0	0
192084	5	6	1	444.1348	356.101654	278.675711	521.652564	800.236454	0.1629234480056812	0.61	7.43	100	100	1.2005	1.2006	0.0001	1.2006	0xd050e74eab1acbe57b48e762e3506b5c51cd314d	FALSE	0	0	0	0	0	0	0
133927	8	9	1	13029.414997	40278.203319	0	53319.190009	53307.618316	10.738556461184732	0.60	7.35	0	100	1.2008	1.2009	0.0001	1.2009	0xb0bada5d45d939a03c6d211d24a61a4418d7cd13	TRUE	-887272	887272	0	0	0	0	100
197729	5	6	1	11313.922865	50464.921187	61751.559398	0	61778.844052	24.492308855975338	0.59	7.24	54	70	1.2005	1.2006	0.0001	1.2006	0x47d06a6d5e3f4e738dea3e8df98a4525499f7619	FALSE	0	0	0	0	0	0	0
127232	1	2	1	21967.022887	31445.037866	0	53416.002548	53412.060753	10.482254720706985	0.59	7.16	63	27	1.2001	1.2002	0.0001	1.2002	0xb0bada5d45d939a03c6d211d24a61a4418d7cd13	TRUE	-887272	887272	0	0	0	0	100
109918	0	1	1	2395.207185	662.758604	3057.958606	0	3057.9657890000003	0.5964626164002045	0.59	7.12	100	95	1.2000	1.2001	0.0001	1.2000	0xb0bada5d45d939a03c6d211d24a61a4418d7cd13	TRUE	-887272	887272	0	0	0	0	100
81663	-2	1	3	437.604373	530.844805	968.511699	0	968.449178	0.1891313620097123	0.59	7.13	61	65	0.9998	1.2001	0.0003	1.2000	0x7617452156f474836604c1a79c79c0627be5fe74	FALSE	0	0	0	0	1	1	0
105504	1	2	1	5161.953469	12229.420799	17389.72156	0	17391.374268	6.534128918487457	0.56	6.86	54	35	1.2001	1.2002	0.0001	1.2002	0x6dd1e0028ef0a634b01e13b2291949255610b38f	FALSE	0	0	0	0	0	0	0
142925	12	13	1	3907.277511	66.542388	3973.740044	0	3973.8198989999996	0.7098771874177753	0.54	6.52	95	97	1.2012	1.2013	0.0001	1.2013	0xb0bada5d45d939a03c6d211d24a61a4418d7cd13	TRUE	-887272	887272	0	0	0	0	100
99911	6	7	1	2165.947083	895.150611	3060.547716	0	3061.097694	0.5517524581546068	0.54	6.58	0	79	1.2006	1.2007	0.0001	1.2007	0xb0bada5d45d939a03c6d211d24a61a4418d7cd13	TRUE	-887272	887272	0	0	0	0	100
142912	12	13	1	2902.085595	50.203096	2952.228443	0	2952.288691	0.5321172763979288	0.54	6.58	95	98	1.2012	1.2013	0.0001	1.2013	0xb0bada5d45d939a03c6d211d24a61a4418d7cd13	TRUE	-887272	887272	0	0	0	0	100
91159	-5	-3	2	527.17218	1469.558727	0	1996.558877	1996.7309070000001	0.7094556307548743	0.53	6.48	66	53	0.9995	0.9997	0.0002	0.9996	0x80e42cad02a7f4b30269fd4241d9c33f039a142e	FALSE	0	0	0	0	1	0	0
153588	4	5	1	18997.033724	19890.74989	0	38896.819709	38887.783614	6.61167084247446	0.51	6.21	100	81	1.2004	1.2005	0.0001	1.2005	0xb0bada5d45d939a03c6d211d24a61a4418d7cd13	TRUE	-887272	887272	0	0	0	0	100
78494	1	2	1	2405.282616	638.696354	3043.908398	0	3043.97897	0.5038906474783877	0.50	06.04	71	55	1.2001	1.2002	0.0001	1.2002	0xe0a86afb73c0922a50d4a985a25507ecda8a9b51	TRUE	-887272	887272	0	0	0	0	100
153589	4	5	1	1440.761023	1508.541679	0	2949.988011	2949.302702	0.4943733729596821	0.50	6.12	100	71	1.2004	1.2005	0.0001	1.2005	0xb0bada5d45d939a03c6d211d24a61a4418d7cd13	TRUE	-887272	887272	0	0	0	0	100
154888	7	10	3	8114.57791	6867.203012	14976.504228	0	14981.780922	2.430407494810038	0.49	5.92	98	99	1.2007	1.2010	0.0003	1.2009	0xb0bada5d45d939a03c6d211d24a61a4418d7cd13	TRUE	-887272	887272	0	0	1	1	100
101728	0	2	2	668.248128	1328.022186	1996.181977	0	1996.2703139999999	0.984205227282776	0.49	6.00	50	51	1.2000	1.2002	0.0002	1.2001	0x80e42cad02a7f4b30269fd4241d9c33f039a142e	FALSE	0	0	0	0	1	0	0
141033	4	5	1	3256.589017	729.391483	0	3987.476018	3985.9804999999997	0.6349784138933197	0.48	5.81	100	98	1.2004	1.2005	0.0001	1.2005	0xb0bada5d45d939a03c6d211d24a61a4418d7cd13	TRUE	-887272	887272	0	0	0	0	100
99931	-1	7	8	5.410864	44.739446	33.271242	16.868161	50.150310000000005	0.008052563307392036	0.48	5.86	100	100	0.9999	1.2007	0.0008	1.2003	0x2371d57b23b7d6a56bb88b246b75dc653a4dede4	FALSE	0	0	0	0	4	3	0
81950	-2	-1	1	33730.03498	16222.122709	0	49947.646451	49952.157689	22.894388236875947	0.46	5.58	21	27	0.9998	0.9999	0.0001	0.9999	0x1bc8c6c06a43e3fbb2ebc613e0ebc0ecb95b5937	FALSE	0	0	0	0	0	0	0
143066	12	13	1	43748.71958	18655.259375	62381.328936	0	62403.978955	9.645317973292181	0.46	5.64	22	20	1.2012	1.2013	0.0001	1.2013	0x47d06a6d5e3f4e738dea3e8df98a4525499f7619	FALSE	0	0	0	0	0	0	0
141034	4	5	1	2419.615873	541.931205	0	2962.658234	2961.547078	0.45286782795451525	0.46	5.58	100	96	1.2004	1.2005	0.0001	1.2005	0xb0bada5d45d939a03c6d211d24a61a4418d7cd13	TRUE	-887272	887272	0	0	0	0	100
99978	4	5	1	771.709914	2288.428214	3059.137468	0	3060.138128	0.4581279405604905	0.45	5.46	98	99	1.2004	1.2005	0.0001	1.2005	0xb0bada5d45d939a03c6d211d24a61a4418d7cd13	TRUE	-887272	887272	0	0	0	0	100
121591	-2	-1	1	548.95601	1519.720435	0	2068.614266	2068.676445	0.31029992503281717	0.45	5.47	99	90	0.9998	0.9999	0.0001	0.9999	0x174ce575c74b025a99173e26df4930c10e5c5555	FALSE	0	0	0	0	0	0	0
136432	11	14	3	456.726421	555.324824	1011.395126	0	1012.0512450000001	0.150785841593718	0.45	5.44	95	90	1.2011	1.2014	0.0003	1.2013	0x7617452156f474836604c1a79c79c0627be5fe74	FALSE	0	0	0	0	1	1	0
118102	-3	-2	1	1840.298178	14044.1012	0	15884.020717	15884.399377999998	2.352524242283518	0.44	5.41	99	100	0.9997	0.9998	0.0001	0.9998	0x6dd1e0028ef0a634b01e13b2291949255610b38f	FALSE	0	0	0	0	0	0	0
81467	-1	0	1	523.542367	2545.46092	3069.152267	0	3069.003287	0.4411367258210218	0.43	5.25	100	91	0.9999	1.2000	0.0001	1.2000	0xb0bada5d45d939a03c6d211d24a61a4418d7cd13	TRUE	-887272	887272	0	0	0	0	100
166465	1	2	1	4755.584313	57055.376533	0	61811.89371	61810.960846	8.685868751670533	0.42	5.13	100	100	1.2001	1.2002	0.0001	1.2002	0x47d06a6d5e3f4e738dea3e8df98a4525499f7619	FALSE	0	0	0	0	0	0	0
162390	3	4	1	49096.614018	12713.500971	61806.171032	0	61810.114989	8.564763330563453	0.42	05.06	9	9	1.2003	1.2004	0.0001	1.2004	0x47d06a6d5e3f4e738dea3e8df98a4525499f7619	FALSE	0	0	0	0	0	0	0
118236	-3	-2	1	94.83636	731.900132	0	826.716983	826.736492	0.11703676794362242	0.42	5.17	100	100	0.9997	0.9998	0.0001	0.9998	0x174ce575c74b025a99173e26df4930c10e5c5555	FALSE	0	0	0	0	0	0	0
134307	11	12	1	43777.59552	9319.287872	0	53147.638311	53096.883392	7.326231840957969	0.41	05.04	100	100	1.2011	1.2012	0.0001	1.2012	0xb0bada5d45d939a03c6d211d24a61a4418d7cd13	TRUE	-887272	887272	0	0	0	0	100
160518	6	7	1	32948.99809	5912.325942	38857.732956	0	38861.324032000004	5.275533992573028	0.41	4.95	94	93	1.2006	1.2007	0.0001	1.2007	0xb0bada5d45d939a03c6d211d24a61a4418d7cd13	TRUE	-887272	887272	0	0	0	0	100
80455	-1	2	3	9.044312	7.773099	16.817648	0	16.817411	0.0023153435086135273	0.41	05.03	37	50	0.9999	1.2002	0.0003	1.2001	0xcb71eb21f53a2f4de0f26dc90518df10be13d1ec	FALSE	0	0	0	0	0	0	0
134309	11	12	1	3291.559163	700.700599	0	3996.075933	3992.2597619999997	0.5281295231797956	0.40	4.83	100	100	1.2011	1.2012	0.0001	1.2012	0xb0bada5d45d939a03c6d211d24a61a4418d7cd13	TRUE	-887272	887272	0	0	0	0	100
103335	1	3	2	650.678636	363.042948	1013.672284	0	1013.721584	0.2707798146732705	0.40	4.87	61	53	1.2001	1.2003	0.0002	1.2002	0x7617452156f474836604c1a79c79c0627be5fe74	FALSE	0	0	0	0	1	0	0
123458	-2	-1	1	137.762133	383.568843	0	521.31538	521.330976	0.06975581136728325	0.40	4.88	71	54	0.9998	0.9999	0.0001	0.9999	0x154b4661a08eaffc746bdf7451a17ee50ee904cf	TRUE	-887272	887272	0	0	0	0	100
120718	-2	-1	1	102959.306732	197113.940168	0	300061.181264	300073.2469	78.58819828126455	0.39	4.78	38	10	0.9998	0.9999	0.0001	0.9999	0x35dabbf0190cb68dee6d58b7ebfd28dd34959879	FALSE	0	0	0	0	0	0	0
199667	4	6	2	2523.289512	10166.013093	12684.423252	0	12689.302604999999	1.6321040409144731	0.39	4.69	45	69	1.2004	1.2006	0.0002	1.2005	0x89168a6c5235d5838f19dfd45d4299d755e7068f	FALSE	0	0	0	0	0	0	0
160593	6	7	1	53251.225612	8572.022517	61818.047358	0	61823.248129	7.878363938464872	0.38	4.65	83	54	1.2006	1.2007	0.0001	1.2007	0x47d06a6d5e3f4e738dea3e8df98a4525499f7619	FALSE	0	0	0	0	0	0	0
99945	5	6	1	1108.135075	1953.012086	0	3061.792132	3061.147161	0.39279291393893534	0.38	4.68	0	100	1.2005	1.2006	0.0001	1.2006	0xb0bada5d45d939a03c6d211d24a61a4418d7cd13	TRUE	-887272	887272	0	0	0	0	100
134312	11	12	1	2476.648314	534.854448	0	3014.3744	3011.502762	0.3852819887021953	0.38	4.67	100	100	1.2011	1.2012	0.0001	1.2012	0xb0bada5d45d939a03c6d211d24a61a4418d7cd13	TRUE	-887272	887272	0	0	0	0	100
91709	-5	-2	3	498.576859	469.591361	0	968.030024	968.16822	0.23985216434471124	0.37	4.52	61	52	0.9995	0.9998	0.0003	0.9997	0x7617452156f474836604c1a79c79c0627be5fe74	FALSE	0	0	0	0	1	1	0
189507	1	2	1	60592.385496	1191.223363	0	61792.756355	61783.608859	7.435463225896484	0.36	4.39	31	18	1.2001	1.2002	0.0001	1.2002	0x47d06a6d5e3f4e738dea3e8df98a4525499f7619	FALSE	0	0	0	0	0	0	0
131450	4	5	1	1067.908724	999.846517	0	2068.261706	2067.755241	0.24551657354164502	0.36	4.33	37	43	1.2004	1.2005	0.0001	1.2005	0x174ce575c74b025a99173e26df4930c10e5c5555	FALSE	0	0	0	0	0	0	0
192672	4	6	2	480.471159	1140.093624	244.252759	1376.443216	1620.564783	0.19468020888103027	0.36	4.38	100	100	1.2004	1.2006	0.0002	1.2005	0x6f27486b6c9a7a7fef4a6186aa9c0ba746a5a0dd	FALSE	0	0	0	0	0	0	0
179883	1	4	3	90.032275	169.015896	253.444929	5.570379	259.048171	0.031299784287413805	0.36	4.41	100	100	1.2001	1.2004	0.0003	1.2003	0xf0e0cdbac1121fef529c3be35b674f6dc2203948	FALSE	0	0	0	0	0	0	0
100833	-1	3	4	326.24379	825.089503	35.723057	1115.681368	1151.3332930000001	0.5357920567138391	0.35	4.25	51	34	0.9999	1.2003	0.0004	1.2001	0x5fa125ee772e5fd6f5028422751a5e6751993459	FALSE	0	0	0	0	2	1	0
111621	-1	0	1	49961.637218	4670.290428	54632.37471	0	54631.927646000004	6.15970299631685	0.34	4.12	89	81	0.9999	1.2000	0.0001	1.2000	0xc82335bbdc978ce2e1f1c6c4f9e5bb2270bb2af1	FALSE	0	0	0	0	0	0	0
111625	-1	0	1	31549.382935	2949.158381	34498.823624	0	34498.541316	3.871552292744834	0.34	4.10	89	81	0.9999	1.2000	0.0001	1.2000	0xc82335bbdc978ce2e1f1c6c4f9e5bb2270bb2af1	FALSE	0	0	0	0	0	0	0
111627	-1	0	1	4252.277047	397.492354	4649.80745	0	4649.769401	0.5209398441762411	0.34	04.09	89	80	0.9999	1.2000	0.0001	1.2000	0xc82335bbdc978ce2e1f1c6c4f9e5bb2270bb2af1	FALSE	0	0	0	0	0	0	0
127214	1	2	1	3759.3516	404.180962	284.3359	3879.722925	4163.532562	0.472537526856413	0.34	4.14	100	100	1.2001	1.2002	0.0001	1.2002	0xb0bada5d45d939a03c6d211d24a61a4418d7cd13	TRUE	-887272	887272	0	0	0	0	100
153703	4	5	1	683.634119	726.332351	0	1410.29177	1409.96647	0.16170404470881633	0.34	4.19	39	20	1.2004	1.2005	0.0001	1.2005	0xd9cf2e3e07955af2f272030e35a948326cf733f7	TRUE	-887272	887272	0	0	0	0	100
121499	-2	-1	1	447.313888	1197.961208	0	1645.224289	1645.2750959999998	0.3394508220857954	0.31	3.77	46	12	0.9998	0.9999	0.0001	0.9999	0x0b776552c1aef1dc33005dd25acda22493b6615d	FALSE	0	0	0	0	0	0	0
158249	9	10	1	1295.825224	553.215257	1848.534573	0	1849.040481	0.19082514010039886	0.31	3.77	65	57	1.2009	1.2010	0.0001	1.2010	0x6f27486b6c9a7a7fef4a6186aa9c0ba746a5a0dd	FALSE	0	0	0	0	0	0	0
152759	8	10	2	25631.262007	27127.587747	52735.764428	0	52758.849754	15.785933224084328	0.30	3.64	31	43	1.2008	1.2010	0.0002	1.2009	0x16f562fb6587a19e19761654adb195f8bc879b5d	FALSE	0	0	0	0	1	0	0
162152	3	6	3	9868.799902	5030.701698	14897.738071	0	14899.5016	1.477183529116315	0.30	3.62	100	92	1.2003	1.2006	0.0003	1.2005	0xb0bada5d45d939a03c6d211d24a61a4418d7cd13	TRUE	-887272	887272	0	0	1	1	100
159974	6	7	1	6451.599454	3858.722692	8985.850907	1322.886615	10310.322146	1.0402360544478295	0.30	3.68	100	100	1.2006	1.2007	0.0001	1.2007	0xffeeb1732aeb273fcf4b6789553b6970da71cbaf	FALSE	0	0	0	0	0	0	0
148734	11	12	1	38638.099428	23224.420831	61836.553587	0	61862.520259	5.90738286483613	0.29	3.49	36	37	1.2011	1.2012	0.0001	1.2012	0x47d06a6d5e3f4e738dea3e8df98a4525499f7619	FALSE	0	0	0	0	0	0	0
191916	4	7	3	6965.790412	7927.750376	6732.947719	8160.723954	14893.540788	1.4400673521361296	0.29	3.53	100	100	1.2004	1.2007	0.0003	1.2006	0xb0bada5d45d939a03c6d211d24a61a4418d7cd13	TRUE	-887272	887272	0	0	1	1	100
99012	-3	-2	1	1547.704543	1519.016124	0	3066.372132	3066.720667	0.2905541880795915	0.28	3.46	100	100	0.9997	0.9998	0.0001	0.9998	0xb0bada5d45d939a03c6d211d24a61a4418d7cd13	TRUE	-887272	887272	0	0	0	0	100
154874	8	9	1	2046.420763	900.716142	0	2948.908293	2947.1369050000003	0.27685882179556026	0.28	3.43	100	100	1.2008	1.2009	0.0001	1.2009	0xb0bada5d45d939a03c6d211d24a61a4418d7cd13	TRUE	-887272	887272	0	0	0	0	100
134013	10	11	1	4418.836358	48737.164455	0	53160.845559	53156.000813	4.713946516805234	0.27	3.24	100	100	1.2010	1.2011	0.0001	1.2011	0xb0bada5d45d939a03c6d211d24a61a4418d7cd13	TRUE	-887272	887272	0	0	0	0	100
99746	4	5	1	62.146144	3000.776276	0	3062.953435	3062.92242	0.27638862624764005	0.27	3.29	100	100	1.2004	1.2005	0.0001	1.2005	0xb0bada5d45d939a03c6d211d24a61a4418d7cd13	TRUE	-887272	887272	0	0	0	0	100
160994	6	7	1	1303.46976	183.537286	1486.89583	0	1487.007046	0.13199356296746806	0.27	3.24	54	25	1.2006	1.2007	0.0001	1.2007	0x6f27486b6c9a7a7fef4a6186aa9c0ba746a5a0dd	FALSE	0	0	0	0	0	0	0
154083	5	8	3	9509.38966	5475.595207	0	14991.689005	14984.984867000001	1.2313160242718335	0.25	3.00	100	100	1.2005	1.2008	0.0003	1.2007	0xb0bada5d45d939a03c6d211d24a61a4418d7cd13	TRUE	-887272	887272	0	0	1	1	100
191831	3	4	1	20901.326715	37595.599153	0	58504.91403	58496.925868000006	4.611632929608499	0.24	2.88	0	67	1.2003	1.2004	0.0001	1.2004	0xb0bada5d45d939a03c6d211d24a61a4418d7cd13	TRUE	-887272	887272	0	0	0	0	100
159971	5	8	3	6473.11611	8506.070281	14974.210728	0	14979.186391	1.1986214078742616	0.24	2.92	100	98	1.2005	1.2008	0.0003	1.2007	0xb0bada5d45d939a03c6d211d24a61a4418d7cd13	TRUE	-887272	887272	0	0	1	1	100
154524	6	7	1	614.529609	795.050243	0	1409.996741	1409.579852	0.11412466579144434	0.24	2.96	92	85	1.2006	1.2007	0.0001	1.2007	0xd9cf2e3e07955af2f272030e35a948326cf733f7	TRUE	-887272	887272	0	0	0	0	100
100040	4	5	1	8820.690078	8343.451555	6479.954823	10685.253011	17164.141633	1.3294931195644661	0.23	2.83	100	100	1.2004	1.2005	0.0001	1.2005	0x6dd1e0028ef0a634b01e13b2291949255610b38f	FALSE	0	0	0	0	0	0	0
134021	10	11	1	232.302392	2817.904142	0	3050.461307	3050.206534	0.2165548975794479	0.21	2.59	100	100	1.2010	1.2011	0.0001	1.2011	0xb0bada5d45d939a03c6d211d24a61a4418d7cd13	TRUE	-887272	887272	0	0	0	0	100
131409	3	6	3	517.337023	495.167667	0	1012.77549	1012.50469	0.07087297283911283	0.21	2.55	42	46	1.2003	1.2006	0.0003	1.2005	0x7617452156f474836604c1a79c79c0627be5fe74	FALSE	0	0	0	0	1	1	0
83167	-3	0	3	10.264302	6.549921	10.45422	6.360037	16.814223000000002	0.0011895434061386643	0.21	2.58	100	100	0.9997	1.2000	0.0003	0.9999	0xcb71eb21f53a2f4de0f26dc90518df10be13d1ec	FALSE	0	0	0	0	1	1	0
99279	-1	0	1	3046.994205	18.367685	0	3065.210464	3065.36189	0.20152626613412786	0.20	2.40	0	100	0.9999	1.2000	0.0001	1.2000	0xb0bada5d45d939a03c6d211d24a61a4418d7cd13	TRUE	-887272	887272	0	0	0	0	100
85165	-2	-1	1	515.071398	293.617225	518.022683	290.666421	808.688623	0.05473620167809765	0.20	2.47	100	100	0.9998	0.9999	0.0001	0.9999	0x2e8fba7125cfad75b8bc750832b06acae9729b16	FALSE	0	0	0	0	0	0	0
142880	10	11	1	937.46299	3041.826795	0	3980.310445	3979.289785	0.248759664619755	0.19	2.28	0	100	1.2010	1.2011	0.0001	1.2011	0xb0bada5d45d939a03c6d211d24a61a4418d7cd13	TRUE	-887272	887272	0	0	0	0	100
73132	0	2	2	731.620272	236.950462	968.564906	0	968.570734	0.06106816316064924	0.19	2.30	95	95	1.2000	1.2002	0.0002	1.2001	0x7617452156f474836604c1a79c79c0627be5fe74	FALSE	0	0	0	0	1	0	0
79501	1	2	1	654.99017	166.374976	821.346825	0	821.3651460000001	0.05147973153950508	0.19	2.29	84	59	1.2001	1.2002	0.0001	1.2002	0x154b4661a08eaffc746bdf7451a17ee50ee904cf	FALSE	0	0	0	0	0	0	0
212916	2	3	1	86.467918	8.080044	94.546311	0	94.547962	0.011817628272796471	0.19	2.28	24	23	1.2002	1.2003	0.0001	1.2003	0xfa99b2e7e59f825317be8d88ce170523ead1acc7	FALSE	0	0	0	0	0	0	0
127658	-4	6	10	29.648336	43.144663	0	72.80475	72.79299900000001	0.004510850144266343	0.19	2.26	91	87	0.9996	1.2006	0.0010	1.2001	0xf45e62a383e8ad3c295e37a2742a401f1b44e12d	TRUE	-887272	887272	0	0	5	4	100
125353	-2	-1	1	9909.777265	29018.121305	0	38926.781588	38927.898570000005	2.3906292907513484	0.18	2.24	100	100	0.9998	0.9999	0.0001	0.9999	0x73e9f22012883e19521aa8060b0603d708bf4390	FALSE	0	0	0	0	0	0	0
141059	3	5	2	427.164581	585.030556	0	1012.390722	1012.195137	0.06021638445097216	0.18	2.17	51	39	1.2003	1.2005	0.0002	1.2004	0x69e039d6010bddf601271c2b51e126f987850c68	FALSE	0	0	0	0	0	0	0
113629	-4	1	5	27926.201888	11273.583769	17665.724689	21532.103777	39199.785657	4.492846419070321	0.17	02.09	100	100	0.9996	1.2001	0.0005	0.9999	0x16f562fb6587a19e19761654adb195f8bc879b5d	FALSE	0	0	0	0	0	0	0
153518	8	9	1	147.495435	2804.365375	2949.485236	0	2951.8608099999997	0.17035011800361488	0.17	2.11	0	88	1.2008	1.2009	0.0001	1.2009	0xb0bada5d45d939a03c6d211d24a61a4418d7cd13	TRUE	-887272	887272	0	0	0	0	100
142881	10	11	1	703.511506	2252.092954	0	2956.370321	2955.6044600000005	0.16563202828517956	0.17	02.05	0	94	1.2010	1.2011	0.0001	1.2011	0xb0bada5d45d939a03c6d211d24a61a4418d7cd13	TRUE	-887272	887272	0	0	0	0	100
142042	12	13	1	3454.270564	527.609555	3981.24391	0	3981.880119	0.20613724388638915	0.16	1.89	0	86	1.2012	1.2013	0.0001	1.2013	0xb0bada5d45d939a03c6d211d24a61a4418d7cd13	TRUE	-887272	887272	0	0	0	0	100
126995	-1	0	1	49865.590764	3584.819696	0	53448.084581	53450.41046	2.633869520027708	0.15	1.80	100	100	0.9999	1.2000	0.0001	1.2000	0xb0bada5d45d939a03c6d211d24a61a4418d7cd13	TRUE	-887272	887272	0	0	0	0	100
126996	-1	0	1	36312.175516	2610.469464	0	38920.951272	38922.644980000005	1.8883239640630036	0.15	1.77	100	100	0.9999	1.2000	0.0001	1.2000	0xb0bada5d45d939a03c6d211d24a61a4418d7cd13	TRUE	-887272	887272	0	0	0	0	100
99422	0	1	1	949.711438	2114.789833	0	3064.581524	3064.501271	0.15287453001366666	0.15	1.82	0	100	1.2000	1.2001	0.0001	1.2000	0xb0bada5d45d939a03c6d211d24a61a4418d7cd13	TRUE	-887272	887272	0	0	0	0	100
142044	12	13	1	2566.26988	391.975233	2957.772456	0	2958.245113	0.15220866355772367	0.15	1.88	0	86	1.2012	1.2013	0.0001	1.2013	0xb0bada5d45d939a03c6d211d24a61a4418d7cd13	TRUE	-887272	887272	0	0	0	0	100
154943	8	9	1	874.614829	526.604733	0	1401.979702	1401.219562	0.06995162256669835	0.15	1.82	100	100	1.2008	1.2009	0.0001	1.2009	0xd9cf2e3e07955af2f272030e35a948326cf733f7	TRUE	-887272	887272	0	0	0	0	100
191857	3	4	1	4106.1132	30197.161767	0	34304.893066	34303.274967000005	1.5963328234817094	0.14	1.70	0	50	1.2003	1.2004	0.0001	1.2004	0xb0bada5d45d939a03c6d211d24a61a4418d7cd13	TRUE	-887272	887272	0	0	0	0	100
191859	3	4	1	1012.228336	7444.125702	0	8456.752927	8456.354038	0.3847481604321288	0.14	1.66	0	50	1.2003	1.2004	0.0001	1.2004	0xb0bada5d45d939a03c6d211d24a61a4418d7cd13	TRUE	-887272	887272	0	0	0	0	100
126998	-1	0	1	2850.621387	204.930164	0	3055.418589	3055.551551	0.14575639775231392	0.14	1.74	100	100	0.9999	1.2000	0.0001	1.2000	0xb0bada5d45d939a03c6d211d24a61a4418d7cd13	TRUE	-887272	887272	0	0	0	0	100
99491	1	2	1	2938.953265	124.721924	0	3064.122025	3063.675189	0.14353047645595834	0.14	1.71	0	96	1.2001	1.2002	0.0001	1.2002	0xb0bada5d45d939a03c6d211d24a61a4418d7cd13	TRUE	-887272	887272	0	0	0	0	100
140942	11	12	1	696.984338	2283.761137	2978.147482	0	2980.7454749999997	0.14313218302751027	0.14	1.75	0	43	1.2011	1.2012	0.0001	1.2012	0xb0bada5d45d939a03c6d211d24a61a4418d7cd13	TRUE	-887272	887272	0	0	0	0	100
100442	4	5	1	420.951793	730.771561	1151.407948	0	1151.723354	0.05389274088191093	0.14	1.71	95	82	1.2004	1.2005	0.0001	1.2005	0x5fa125ee772e5fd6f5028422751a5e6751993459	FALSE	0	0	0	0	0	0	0
129015	1	3	2	276.764542	244.44507	0	521.277948	521.209612	0.02422798241758522	0.14	1.70	85	39	1.2001	1.2003	0.0002	1.2002	0x154b4661a08eaffc746bdf7451a17ee50ee904cf	TRUE	-887272	887272	0	0	1	0	100
117081	-3	0	3	85807.22546	14093.871806	70580.624449	29316.898079	99901.097266	4.1995591050696754	0.13	1.53	100	100	0.9997	1.2000	0.0003	0.9999	0x9ea3f8db46ef491fe8d4163f6339352fdf1f1b52	FALSE	0	0	0	0	0	0	0
154683	6	7	1	24817.657976	33761.677387	0	58596.186689	58579.335363000006	2.5436959436026285	0.13	1.58	0	31	1.2006	1.2007	0.0001	1.2007	0xc82335bbdc978ce2e1f1c6c4f9e5bb2270bb2af1	FALSE	0	0	0	0	0	0	0
130084	1	2	1	708.102771	3290.712746	0	3998.950872	3998.815517	0.17528563916253698	0.13	1.60	100	93	1.2001	1.2002	0.0001	1.2002	0x07d5863086aae645297d2eb6286268d6adc2171e	TRUE	-887272	887272	0	0	0	0	100
191863	3	4	1	454.570482	3343.000476	0	3797.75009	3797.5709580000002	0.16938120401780035	0.13	1.63	0	50	1.2003	1.2004	0.0001	1.2004	0xb0bada5d45d939a03c6d211d24a61a4418d7cd13	TRUE	-887272	887272	0	0	0	0	100
129128	1	3	2	537.76862	474.968627	0	1012.870028	1012.737247	0.04389674218727104	0.13	1.58	90	39	1.2001	1.2003	0.0002	1.2002	0x7617452156f474836604c1a79c79c0627be5fe74	FALSE	0	0	0	0	1	0	0
153536	8	9	1	1944.587299	36972.895624	38886.163248	0	38917.482922999996	1.508212817281732	0.12	1.41	0	88	1.2008	1.2009	0.0001	1.2009	0xb0bada5d45d939a03c6d211d24a61a4418d7cd13	TRUE	-887272	887272	0	0	0	0	100
119157	-4	-2	2	119.451758	1876.132892	0	1995.560047	1995.58465	0.07959466565079144	0.12	1.46	100	100	0.9996	0.9998	0.0002	0.9997	0x80e42cad02a7f4b30269fd4241d9c33f039a142e	FALSE	0	0	0	0	1	0	0
154713	6	7	1	14641.847104	19815.483051	0	34467.27112	34457.330155	1.2845737335172598	0.11	1.36	0	25	1.2006	1.2007	0.0001	1.2007	0xc82335bbdc978ce2e1f1c6c4f9e5bb2270bb2af1	FALSE	0	0	0	0	0	0	0
129257	1	2	1	309.965989	4336.773346	0	4646.800296	4646.739335	0.3548592181912868	0.11	1.39	8	4	1.2001	1.2002	0.0001	1.2002	0xc82335bbdc978ce2e1f1c6c4f9e5bb2270bb2af1	FALSE	0	0	0	0	0	0	0
140953	11	12	1	1115.300234	2875.381392	3987.417168	0	3990.6816259999996	0.14544936235018047	0.11	1.33	0	46	1.2011	1.2012	0.0001	1.2012	0xb0bada5d45d939a03c6d211d24a61a4418d7cd13	TRUE	-887272	887272	0	0	0	0	100
99495	1	3	2	980.722419	20.377901	0	1001.29847	1001.1003199999999	0.03671676276007517	0.11	1.34	100	80	1.2001	1.2003	0.0002	1.2002	0x0aac7b14848701daf57939fcd51b60d1029cd57f	FALSE	0	0	0	0	0	0	0
125830	-2	-1	1	11214.719216	42242.624654	0	53456.091041	53457.34387	1.8670079173383547	0.10	1.27	100	100	0.9998	0.9999	0.0001	0.9999	0x16f562fb6587a19e19761654adb195f8bc879b5d	FALSE	0	0	0	0	0	0	0
153572	6	7	1	19571.584288	19323.239264	38882.754142	0	38894.823552	1.3301679044628114	0.10	1.25	0	50	1.2006	1.2007	0.0001	1.2007	0xb0bada5d45d939a03c6d211d24a61a4418d7cd13	TRUE	-887272	887272	0	0	0	0	100
154964	8	9	1	24166.584928	14706.697627	0	38894.289126	38873.282555	1.1939998824565206	0.09	1.12	100	100	1.2008	1.2009	0.0001	1.2009	0xb0bada5d45d939a03c6d211d24a61a4418d7cd13	TRUE	-887272	887272	0	0	0	0	100
142862	8	9	1	2838.434256	1139.808952	0	3980.697452	3978.243208	0.12588805860453772	0.09	1.16	0	67	1.2008	1.2009	0.0001	1.2009	0xb0bada5d45d939a03c6d211d24a61a4418d7cd13	TRUE	-887272	887272	0	0	0	0	100
140992	10	11	1	1933.20531	2055.36896	3986.467155	0	3988.57427	0.1224508893290498	0.09	1.12	0	74	1.2010	1.2011	0.0001	1.2011	0xb0bada5d45d939a03c6d211d24a61a4418d7cd13	TRUE	-887272	887272	0	0	0	0	100
153576	6	7	1	1484.489445	1465.652669	2949.226657	0	2950.142114	0.08468136070757892	0.09	01.05	0	50	1.2006	1.2007	0.0001	1.2007	0xb0bada5d45d939a03c6d211d24a61a4418d7cd13	TRUE	-887272	887272	0	0	0	0	100
141209	3	6	3	616.128894	395.263969	0	1011.706293	1011.3928629999999	0.030114966543927278	0.09	01.09	99	57	1.2003	1.2006	0.0003	1.2005	0x7617452156f474836604c1a79c79c0627be5fe74	FALSE	0	0	0	0	1	1	0
129223	1	2	1	3602.141091	50398.011515	0	54000.861052	54000.152605999996	4.142074413796367	0.08	0.93	8	4	1.2001	1.2002	0.0001	1.2002	0xc82335bbdc978ce2e1f1c6c4f9e5bb2270bb2af1	FALSE	0	0	0	0	0	0	0
129234	1	2	1	2299.777033	32176.471288	0	34476.700626	34476.248321	2.6403639878837533	0.08	0.93	7	3	1.2001	1.2002	0.0001	1.2002	0xc82335bbdc978ce2e1f1c6c4f9e5bb2270bb2af1	FALSE	0	0	0	0	0	0	0
127136	0	1	1	34774.18094	18662.830231	0	53439.357067	53437.011171	1.4926070481725526	0.08	01.02	100	100	1.2000	1.2001	0.0001	1.2000	0xb0bada5d45d939a03c6d211d24a61a4418d7cd13	TRUE	-887272	887272	0	0	0	0	100
133412	4	5	1	11267.980336	42050.866686	0	53324.362978	53318.847022	1.3959416657610424	0.08	0.96	92	94	1.2004	1.2005	0.0001	1.2005	0x16f562fb6587a19e19761654adb195f8bc879b5d	TRUE	-887272	887272	0	0	0	0	100
127140	0	1	1	25322.42107	13590.199185	0	38914.328527	38912.620255	1.045057990151818	0.08	0.98	100	100	1.2000	1.2001	0.0001	1.2000	0xb0bada5d45d939a03c6d211d24a61a4418d7cd13	TRUE	-887272	887272	0	0	0	0	100
153793	3	6	3	5368.639531	5490.420351	0	10861.883443	10859.059882	0.29781837001223177	0.08	1.00	30	19	1.2003	1.2006	0.0003	1.2005	0x0bd7e0f100bf5bc1b635fe2f67435a3f35868b9d	FALSE	0	0	0	0	1	1	0
99955	6	7	1	2025.175798	1034.820246	3059.35789	0	3059.996044	0.08001660935127804	0.08	0.95	0	36	1.2006	1.2007	0.0001	1.2007	0xb0bada5d45d939a03c6d211d24a61a4418d7cd13	TRUE	-887272	887272	0	0	0	0	100
142863	8	9	1	2097.021237	858.202215	0	2957.037043	2955.223452	0.07795604714187221	0.08	0.96	0	56	1.2008	1.2009	0.0001	1.2009	0xb0bada5d45d939a03c6d211d24a61a4418d7cd13	TRUE	-887272	887272	0	0	0	0	100
153543	8	9	1	110.585098	1300.725914	1410.211015	0	1411.3110120000001	0.03821088886306315	0.08	0.99	0	52	1.2008	1.2009	0.0001	1.2009	0xd9cf2e3e07955af2f272030e35a948326cf733f7	TRUE	-887272	887272	0	0	0	0	100
133988	9	10	1	14004.068751	39159.331265	0	53177.225638	53163.400016	1.322203493756382	0.07	0.91	100	100	1.2009	1.2010	0.0001	1.2010	0xb0bada5d45d939a03c6d211d24a61a4418d7cd13	TRUE	-887272	887272	0	0	0	0	100
127143	0	1	1	1926.309154	1128.45033	0	3054.891375	3054.759484	0.07579217631528905	0.07	0.91	100	100	1.2000	1.2001	0.0001	1.2000	0xb0bada5d45d939a03c6d211d24a61a4418d7cd13	TRUE	-887272	887272	0	0	0	0	100
99142	-2	-1	1	2971.034932	95.167389	0	3065.761331	3066.202321	0.06852010812539942	0.07	0.82	100	100	0.9998	0.9999	0.0001	0.9999	0xb0bada5d45d939a03c6d211d24a61a4418d7cd13	TRUE	-887272	887272	0	0	0	0	100
141004	10	11	1	1644.64959	1318.606718	2961.909136	0	2963.256308	0.06510998673927841	0.07	0.80	0	65	1.2010	1.2011	0.0001	1.2011	0xb0bada5d45d939a03c6d211d24a61a4418d7cd13	TRUE	-887272	887272	0	0	0	0	100
102802	0	3	3	524.149386	490.012276	433.969124	580.206788	1014.161662	0.02312240906182161	0.07	0.83	100	100	1.2000	1.2003	0.0003	1.2002	0x7617452156f474836604c1a79c79c0627be5fe74	FALSE	0	0	0	0	1	1	0
113210	-3	-2	1	31.758141	47.114198	31.75814	47.114197	78.872339	0.0019252725149047159	0.07	0.89	100	0	0.9997	0.9998	0.0001	0.9998	0x9800511c5082c3aa6f4335a75dc78b1a87ea307a	FALSE	0	0	0	0	0	0	0
153863	3	6	3	7509.089066	7480.773985	0	14993.804969	14989.863051	0.29594054971001743	0.06	0.72	100	100	1.2003	1.2006	0.0003	1.2005	0x10eb84abd429fa4df8dcabbc7c2803822a5b82d9	TRUE	-887272	887272	0	0	1	1	100
142226	11	12	1	1083.328395	1876.142126	2957.348627	0	2959.470521	0.0626319289855933	0.06	0.77	0	60	1.2011	1.2012	0.0001	1.2012	0xb0bada5d45d939a03c6d211d24a61a4418d7cd13	TRUE	-887272	887272	0	0	0	0	100
192036	5	6	1	473.685772	386.774593	477.558167	382.900087	860.4603649999999	0.016687512936791153	0.06	0.71	100	100	1.2005	1.2006	0.0001	1.2006	0x6f27486b6c9a7a7fef4a6186aa9c0ba746a5a0dd	FALSE	0	0	0	0	0	0	0
100559	3	6	3	317.564738	404.514066	721.923502	0	722.078804	0.013649278229219757	0.06	0.69	0	9	1.2003	1.2006	0.0003	1.2005	0x154b4661a08eaffc746bdf7451a17ee50ee904cf	TRUE	-887272	887272	0	0	1	1	100
162107	5	6	1	46598.142512	11969.118511	58561.156074	0	58567.261023	1.0701155390465718	0.05	0.67	0	60	1.2005	1.2006	0.0001	1.2006	0xb0bada5d45d939a03c6d211d24a61a4418d7cd13	TRUE	-887272	887272	0	0	0	0	100
162149	4	5	1	57224.712999	1325.358257	58549.539746	0	58550.071256	0.899845956244236	0.05	0.56	0	83	1.2004	1.2005	0.0001	1.2005	0xb0bada5d45d939a03c6d211d24a61a4418d7cd13	TRUE	-887272	887272	0	0	0	0	100
162110	5	6	1	30914.642323	7940.681704	38851.273815	0	38855.324027	0.6787238594982542	0.05	0.64	0	60	1.2005	1.2006	0.0001	1.2006	0xb0bada5d45d939a03c6d211d24a61a4418d7cd13	TRUE	-887272	887272	0	0	0	0	100
162111	5	6	1	27326.057083	7018.923889	34341.400911	0	34344.980972	0.5798570180099972	0.05	0.62	0	60	1.2005	1.2006	0.0001	1.2006	0xb0bada5d45d939a03c6d211d24a61a4418d7cd13	TRUE	-887272	887272	0	0	0	0	100
142275	-8	17	25	4118.148435	4806.605395	1678.81942	7248.100935	8924.75383	0.1577349792335232	0.05	0.65	100	100	0.9992	1.2017	0.0025	1.2005	0xc61cc3107ad698103ace17beb39b1ac139646209	TRUE	-887272	887272	0	0	12	12	100
142232	11	12	1	1458.19012	2525.339432	3980.673425	0	3983.529552	0.06782535387757596	0.05	0.62	0	67	1.2011	1.2012	0.0001	1.2012	0xb0bada5d45d939a03c6d211d24a61a4418d7cd13	TRUE	-887272	887272	0	0	0	0	100
162116	5	6	1	2334.767322	599.704307	2934.165743	0	2934.471629	0.046165116922064695	0.05	0.57	0	50	1.2005	1.2006	0.0001	1.2006	0xb0bada5d45d939a03c6d211d24a61a4418d7cd13	TRUE	-887272	887272	0	0	0	0	100
99554	0	3	3	734.450438	1252.64513	0	1987.275192	1987.0955680000002	0.0332268224774302	0.05	0.61	100	100	1.2000	1.2003	0.0003	1.2002	0x9ddc19759ff10b381e0e1fe2df88f5c07a69138a	TRUE	-887272	887272	0	0	1	1	100
73670	0	3	3	459.655218	364.217092	476.74926	347.120834	823.87231	0.012843803532395457	0.05	0.57	100	100	1.2000	1.2003	0.0003	1.2002	0x154b4661a08eaffc746bdf7451a17ee50ee904cf	TRUE	-887272	887272	0	0	1	1	100
141483	4	5	1	103315.655264	28565.697167	95259.391519	36625.383021	131881.352431	1.8401079225772805	0.04	0.51	100	100	1.2004	1.2005	0.0001	1.2005	0xffeeb1732aeb273fcf4b6789553b6970da71cbaf	FALSE	0	0	0	0	0	0	0
162150	4	5	1	37960.824454	879.195185	38839.667053	0	38840.019639	0.5249644853705075	0.04	0.49	0	71	1.2004	1.2005	0.0001	1.2005	0xb0bada5d45d939a03c6d211d24a61a4418d7cd13	TRUE	-887272	887272	0	0	0	0	100
162151	4	5	1	33554.305098	777.137586	34331.131027	0	34331.442683999994	0.4223589330739378	0.04	0.45	0	56	1.2004	1.2005	0.0001	1.2005	0xb0bada5d45d939a03c6d211d24a61a4418d7cd13	TRUE	-887272	887272	0	0	0	0	100
127161	0	1	1	1596.689904	2569.247564	0	4166.066536	4165.937468	0.05002187884563117	0.04	0.44	100	100	1.2000	1.2001	0.0001	1.2000	0xb0bada5d45d939a03c6d211d24a61a4418d7cd13	TRUE	-887272	887272	0	0	0	0	100
133992	9	10	1	565.917489	2484.920595	0	3051.398997	3050.838084	0.04369040896297702	0.04	0.52	100	100	1.2009	1.2010	0.0001	1.2010	0xb0bada5d45d939a03c6d211d24a61a4418d7cd13	TRUE	-887272	887272	0	0	0	0	100
99754	1	6	5	203.544259	797.550782	204.800976	796.293438	1001.095041	0.014235177046601212	0.04	0.52	100	100	1.2001	1.2006	0.0005	1.2004	0x0aac7b14848701daf57939fcd51b60d1029cd57f	FALSE	0	0	0	0	2	2	0
159900	7	8	1	27188.284009	7169.791656	34352.984108	0	34358.075665	0.314064151677538	0.03	0.33	0	50	1.2007	1.2008	0.0001	1.2008	0xb0bada5d45d939a03c6d211d24a61a4418d7cd13	TRUE	-887272	887272	0	0	0	0	100
98699	-5	-2	3	555.163921	728.418629	0	1283.435533	1283.58255	0.30564520175876736	0.03	0.40	10	8	0.9995	0.9998	0.0003	0.9997	0xa95695c71256e41c5d128ed8bcca88a01dace919	FALSE	0	0	0	0	0	0	0
142233	10	12	2	1634.379201	7297.02667	8923.517456	0	8931.405871	0.07568638005387275	0.03	0.31	0	46	1.2010	1.2012	0.0002	1.2011	0xc61cc3107ad698103ace17beb39b1ac139646209	TRUE	-887272	887272	0	0	1	0	100
127085	-1	0	1	2519.716024	1647.207351	0	4166.847198	4166.923375	0.045832311543558844	0.03	0.40	0	100	0.9999	1.2000	0.0001	1.2000	0x8e07ab8fc9e5f2613b17a5e5069673d522d0207a	FALSE	0	0	0	0	0	0	0
162155	4	5	1	2896.783443	36.66927	2933.438025	0	2933.4527129999997	0.029627418487896698	0.03	0.37	0	50	1.2004	1.2005	0.0001	1.2005	0xb0bada5d45d939a03c6d211d24a61a4418d7cd13	TRUE	-887272	887272	0	0	0	0	100
113021	-2	-1	1	706.028073	2350.678766	3057.086597	0	3056.706839	0.028955987434985956	0.03	0.35	0	50	0.9998	0.9999	0.0001	0.9999	0xb0bada5d45d939a03c6d211d24a61a4418d7cd13	TRUE	-887272	887272	0	0	0	0	100
99156	-3	-1	2	903.0015	1084.584723	0	1987.454918	1987.5862229999998	0.01881327276966205	0.03	0.35	92	70	0.9997	0.9999	0.0002	0.9998	0x9ddc19759ff10b381e0e1fe2df88f5c07a69138a	TRUE	-887272	887272	0	0	1	0	100
159871	8	9	1	1151.608209	57489.157228	58591.979303	0	58640.765436999995	0.4164036970656677	0.02	0.26	0	50	1.2008	1.2009	0.0001	1.2009	0xb0bada5d45d939a03c6d211d24a61a4418d7cd13	TRUE	-887272	887272	0	0	0	0	100
159872	8	9	1	2149.632251	32237.353294	34359.69756	0	34386.985545	0.22858708009054643	0.02	0.24	0	40	1.2008	1.2009	0.0001	1.2009	0xb0bada5d45d939a03c6d211d24a61a4418d7cd13	TRUE	-887272	887272	0	0	0	0	100
159901	7	8	1	2329.675305	605.893978	2935.139082	0	2935.5692830000003	0.024351661761325274	0.02	0.30	0	25	1.2007	1.2008	0.0001	1.2008	0xb0bada5d45d939a03c6d211d24a61a4418d7cd13	TRUE	-887272	887272	0	0	0	0	100
159874	8	9	1	277.524382	2668.613351	2943.883055	0	2946.137733	0.018597900312521815	0.02	0.23	0	40	1.2008	1.2009	0.0001	1.2009	0xb0bada5d45d939a03c6d211d24a61a4418d7cd13	TRUE	-887272	887272	0	0	0	0	100
99721	4	5	1	1057.085166	2006.002571	0	3063.59813	3063.087737	0.017820112439100852	0.02	0.21	100	67	1.2004	1.2005	0.0001	1.2005	0xb0bada5d45d939a03c6d211d24a61a4418d7cd13	TRUE	-887272	887272	0	0	0	0	100
100797	3	4	1	1351.303982	1707.964397	3058.708439	0	3059.268379	0.01573378094126098	0.02	0.19	0	0	1.2003	1.2004	0.0001	1.2004	0xb0bada5d45d939a03c6d211d24a61a4418d7cd13	TRUE	-887272	887272	0	0	0	0	100
86265	-2	-1	1	449.393021	251.381921	448.763947	252.01089	700.774942	0.004853670324588624	0.02	0.25	100	100	0.9998	0.9999	0.0001	0.9999	0x788b8b3e7063d17fb0c6dfdbf26d45b82f51c82c	FALSE	0	0	0	0	0	0	0
159908	7	8	1	49951.32032	8634.787086	58580.001926	0	58586.107405999996	0.1919835986017545	0.01	0.12	0	0	1.2007	1.2008	0.0001	1.2008	0xb0bada5d45d939a03c6d211d24a61a4418d7cd13	TRUE	-887272	887272	0	0	0	0	100
92745	-5	0	5	2.20955	1	2.209165	1.000383	3.20955	0.000007322161284845443	0.01	0.08	100	100	0.9995	1.2000	0.0005	0.9998	0x26570de098f37d1d717e2860fbf19d54fe9a6011	FALSE	0	0	0	0	0	0	0
204674	3	4	1	27846.214869	30614.023081	58450.254417	0	58460.237949999995	0.0816611797632148	0.00	0.05	0	50	1.2003	1.2004	0.0001	1.2004	0xb0bada5d45d939a03c6d211d24a61a4418d7cd13	TRUE	-887272	887272	0	0	0	0	100
215858	1	2	1	26564.86708	31873.255218	58434.066279	0	58438.122298	0.011473	0.00	0.01	100	94	1.2001	1.2002	0.0001	1.2002	0xb0bada5d45d939a03c6d211d24a61a4418d7cd13	TRUE	-887272	887272	0	0	0	0	100
216425	-1	0	1	21475.483025	1841.790443	19559.581708	3757.522431	23317.273468000003	0.010528	0.00	0.02	100	100	0.9999	1.2000	0.0001	1.2000	0xb0bada5d45d939a03c6d211d24a61a4418d7cd13	TRUE	-887272	887272	0	0	0	0	100
215862	1	2	1	18178.353766	21810.886811	39986.465041	0	39989.240577000004	0.007828	0.00	0.01	100	94	1.2001	1.2002	0.0001	1.2002	0xb0bada5d45d939a03c6d211d24a61a4418d7cd13	TRUE	-887272	887272	0	0	0	0	100
215864	1	2	1	17685.747242	21219.844009	38902.890927	0	38905.591251000005	0.007596	0.00	0.01	100	94	1.2001	1.2002	0.0001	1.2002	0xb0bada5d45d939a03c6d211d24a61a4418d7cd13	TRUE	-887272	887272	0	0	0	0	100
215865	1	2	1	15580.883454	18694.370778	34272.875287	0	34275.254232	0.006677	0.00	0.01	100	94	1.2001	1.2002	0.0001	1.2002	0xb0bada5d45d939a03c6d211d24a61a4418d7cd13	TRUE	-887272	887272	0	0	0	0	100
215870	1	2	1	9659.004145	11589.137763	21246.667136	0	21248.141908	0.00411	0.00	0.01	100	94	1.2001	1.2002	0.0001	1.2002	0xb0bada5d45d939a03c6d211d24a61a4418d7cd13	TRUE	-887272	887272	0	0	0	0	100
142911	11	12	1	3524.104181	451.140389	0	3979.319416	3975.2445700000003	0.002539621213174871	0.00	0.02	100	100	1.2011	1.2012	0.0001	1.2012	0xb0bada5d45d939a03c6d211d24a61a4418d7cd13	TRUE	-887272	887272	0	0	0	0	100
215877	1	2	1	4881.611378	5857.091054	10737.95709	0	10738.702432	0.002056	0.00	0.01	100	94	1.2001	1.2002	0.0001	1.2002	0xb0bada5d45d939a03c6d211d24a61a4418d7cd13	TRUE	-887272	887272	0	0	0	0	100
73180	-98	51	149	28180.982861	56496.999692	28183.880235	56494.101897	84677.982553	0.0015322810093860752	0.00	0.00	100	0	0.9902	1.1951	0.0149	0.9977	0xc9d46b11f3b1bbc85ebedfffca09707f8f28dca1	TRUE	-887272	887272	0	0	99	49	100
215879	1	2	1	1724.928402	2069.616347	3006.201543	788.166829	3794.544749	0.000695	0.00	0.01	100	100	1.2001	1.2002	0.0001	1.2002	0xb0bada5d45d939a03c6d211d24a61a4418d7cd13	TRUE	-887272	887272	0	0	0	0	100
92843	-5	0	5	4.999999	2.264166	4.99995	2.264213	7.264165	0.000007971463345518875	0.00	0.04	100	100	0.9995	1.2000	0.0005	0.9998	0xc5fdfa344d08e032b77d650bd4f0dbf508349542	FALSE	0	0	0	0	0	0	0
93368	-8	2	10	1.17297	0.999565	1.172969	0.999564	2.172535	6.207025185534068e-7	0.00	0.01	100	0	0.9992	1.2002	0.0010	0.9997	0x213bddf596932002b519864d35d5ac80b74f4262	FALSE	0	0	0	0	0	0	0
92680	-5	0	5	0.744415	0.336761	0.744963	0.336211	1.0811760000000001	2.091771782945341e-7	0.00	0.01	100	100	0.9995	1.2000	0.0005	0.9998	0x26570de098f37d1d717e2860fbf19d54fe9a6011	FALSE	0	0	0	0	0	0	0
185896	0	3	3	447.321744	234.727589	0	0	682.049333	0	0.00	0.00	44	58	1.2000	1.2003	0.0003	1.2002	0xa2374048325dc0a8874ba1e672be589124e517e0	FALSE	0	0	0	0	0	0	0
216417	-1	0	1	54277.746607	4150.090738	0	58425.31642	58427.837345	0	0.00	0.00	99	99	0.9999	1.2000	0.0001	1.2000	0xb0bada5d45d939a03c6d211d24a61a4418d7cd13	TRUE	-887272	887272	0	0	0	0	100
216418	-1	0	1	37142.293108	2839.909471	33583.979339	6397.908546	39982.202579	0	0.00	0.00	100	100	0.9999	1.2000	0.0001	1.2000	0xb0bada5d45d939a03c6d211d24a61a4418d7cd13	TRUE	-887272	887272	0	0	0	0	100
216421	-1	0	1	36135.79185	2762.95212	0	38897.065646	38898.74397	0	0.00	0.00	94	88	0.9999	1.2000	0.0001	1.2000	0xb0bada5d45d939a03c6d211d24a61a4418d7cd13	TRUE	-887272	887272	0	0	0	0	100
216423	-1	0	1	31835.101659	2434.120221	0	34267.743301	34269.22188	0	0.00	0.00	99	99	0.9999	1.2000	0.0001	1.2000	0xb0bada5d45d939a03c6d211d24a61a4418d7cd13	TRUE	-887272	887272	0	0	0	0	100
216427	-1	0	1	9974.183745	762.628705	9023.133453	1713.594865	10736.81245	0	0.00	0.00	100	100	0.9999	1.2000	0.0001	1.2000	0xb0bada5d45d939a03c6d211d24a61a4418d7cd13	TRUE	-887272	887272	0	0	0	0	100
225760	-1	0	1	7246.246216	1873.811462	0	9119.769829	9120.057678	0	0.00	0.00	99	97	0.9999	1.2000	0.0001	1.2000	0x1fd6e15cd7548ec27443690ce5aa3320b1869c3d	TRUE	-887272	887272	0	0	0	0	100
229775	1	2	1	11821.591398	46594.573282	1798.308605	56619.743951	58416.16468	0	0.00	0.00	100	100	1.2001	1.2002	0.0001	1.2002	0xb0bada5d45d939a03c6d211d24a61a4418d7cd13	TRUE	-887272	887272	0	0	0	0	100
229776	1	2	1	6933.625426	27328.750178	989.756912	33273.738777	34262.375604	0	0.00	0.00	100	100	1.2001	1.2002	0.0001	1.2002	0xb0bada5d45d939a03c6d211d24a61a4418d7cd13	TRUE	-887272	887272	0	0	0	0	100
229779	1	2	1	2673.809887	17544.16964	1326.853366	18891.37815	20217.979527	0	0.00	0.00	100	100	1.2001	1.2002	0.0001	1.2002	0xb0bada5d45d939a03c6d211d24a61a4418d7cd13	TRUE	-887272	887272	0	0	0	0	100
230591	1	2	1	8243.208764	30665.331962	0	38910.102104	38908.540726	0	0.00	0.00	100	100	1.2001	1.2002	0.0001	1.2002	0xb0bada5d45d939a03c6d211d24a61a4418d7cd13	TRUE	-887272	887272	0	0	0	0	100
236134	0	2	2	663.356471	19552.36041	444.180182	19771.579333	20215.716881	0	0.00	0.00	100	100	1.2000	1.2002	0.0002	1.2001	0x1fd6e15cd7548ec27443690ce5aa3320b1869c3d	TRUE	-887272	887272	0	0	1	0	100
238230	2	3	1	33852.998366	5056.096619	38908.05108	0	38909.094985	0	0.00	0.00	99	99	1.2002	1.2003	0.0001	1.2003	0xb0bada5d45d939a03c6d211d24a61a4418d7cd13	TRUE	-887272	887272	0	0	0	0	100
239536	1	4	3	54677.262004	58697.65972	30245.946666	486.085544	113374.921724	0	0.00	0.00	50	51	1.2001	1.2004	0.0003	1.2003	0x1fd6e15cd7548ec27443690ce5aa3320b1869c3d	FALSE	0	0	0	0	0	0	0
239541	1	4	3	132.090617	142.051884	132.090616	142.051883	274.14250100000004	0	0.00	0.00	100	0	1.2001	1.2004	0.0003	1.2003	0x1fd6e15cd7548ec27443690ce5aa3320b1869c3d	FALSE	0	0	0	0	0	0	0
239566	1	4	3	34756.111634	34219.006015	62852.715849	6117.076585	68975.11764899999	0	0.00	0.00	86	88	1.2001	1.2004	0.0003	1.2003	0xde6ac2604800464ba76039b0f11d05eec622813d	FALSE	0	0	0	0	0	0	0
247295	0	1	1	24654.170464	14267.600114	0	38923.455122	38921.770577999996	0	0.00	0.00	100	98	1.2000	1.2001	0.0001	1.2000	0xb0bada5d45d939a03c6d211d24a61a4418d7cd13	TRUE	-887272	887272	0	0	0	0	100
250477	2	3	1	24534.882732	14376.503868	0	38917.974047	38911.3866	0	0.00	0.00	100	100	1.2002	1.2003	0.0001	1.2003	0xb0bada5d45d939a03c6d211d24a61a4418d7cd13	TRUE	-887272	887272	0	0	0	0	100
251612	3	4	1	11346.575132	27559.96343	0	38910.912319	38906.538562	0	0.00	0.00	0	100	1.2003	1.2004	0.0001	1.2004	0xb0bada5d45d939a03c6d211d24a61a4418d7cd13	TRUE	-887272	887272	0	0	0	0	100
251763	4	5	1	10295.518849	28602.363551	0	38902.89483	38897.8824	0	0.00	0.00	100	100	1.2004	1.2005	0.0001	1.2005	0xb0bada5d45d939a03c6d211d24a61a4418d7cd13	TRUE	-887272	887272	0	0	0	0	100
251867	5	6	1	23053.491116	15830.316261	38875.572636	0	38883.807377000005	0	0.00	0.00	100	98	1.2005	1.2006	0.0001	1.2006	0xb0bada5d45d939a03c6d211d24a61a4418d7cd13	TRUE	-887272	887272	0	0	0	0	100
254786	3	4	1	16370.754929	22524.762092	38888.109062	0	38895.517021	0	0.00	0.00	91	89	1.2003	1.2004	0.0001	1.2004	0xb0bada5d45d939a03c6d211d24a61a4418d7cd13	TRUE	-887272	887272	0	0	0	0	100
256660	2	3	1	28194.600066	10699.865603	38892.178902	0	38894.465669	0	0.00	0.00	100	94	1.2002	1.2003	0.0001	1.2003	0xb0bada5d45d939a03c6d211d24a61a4418d7cd13	TRUE	-887272	887272	0	0	0	0	100
258517	1	3	2	2491.085005	2893.106353	0	5384.823464	5384.191358	0	0.00	0.00	100	100	1.2001	1.2003	0.0002	1.2002	0x3c5aac016ef2f178e8699d6208796a2d67557fe2	FALSE	0	0	0	0	0	0	0
259753	1	2	1	10680.701958	28244.452293	0	38927.143925	38925.154251	0	0.00	0.00	100	100	1.2001	1.2002	0.0001	1.2002	0xb0bada5d45d939a03c6d211d24a61a4418d7cd13	TRUE	-887272	887272	0	0	0	0	100
260038	0	2	2	228.327392	809.584674	156.853648	881.070059	1037.9120659999999	0	0.00	0.00	100	100	1.2000	1.2002	0.0002	1.2001	0x220faf934025b7824af72bd6f27153b0f01f2364	FALSE	0	0	0	0	0	0	0
268829	1	2	1	435.774486	1570.60784	620.536417	1385.823415	2006.382326	0	0.00	0.00	95	95	1.2001	1.2002	0.0001	1.2002	0xcb8db65e9aefbb6386cc5b757516412b79067004	FALSE	0	0	0	0	0	0	0
274906	1	2	1	38100.129553	9803.999549	0	47910.233938	47904.129102	0	0.00	0.00	100	100	1.2001	1.2002	0.0001	1.2002	0x2e7638abad4329c154bdf3d33d28ddc56f47136b	FALSE	0	0	0	0	0	0	0
276530	1	2	1	824.486432	123.87272	948.345956	0	948.359152	0	0.00	0.00	68	75	1.2001	1.2002	0.0001	1.2002	0x734e5ce09451fd8473b0d9d153b952a2084696eb	FALSE	0	0	0	0	0	0	0
277636	1	2	1	6302.294567	678.695696	0	6981.966265	6980.990263	0	0.00	0.00	100	100	1.2001	1.2002	0.0001	1.2002	0x1ba6090ce91454055904202970a63da3f132c8e9	FALSE	0	0	0	0	0	0	0
278670	1	3	2	400.157432	285.332677	400.157424	285.332684	685.490109	0	0.00	0.00	100	100	1.2001	1.2003	0.0002	1.2002	0x887e8b6119b38c60cb03cab204c0a704c6e0a473	FALSE	0	0	0	0	0	0	0
278727	1	2	1	114.912408	570.318048	0	685.252474	685.230456	0	0.00	0.00	100	100	1.2001	1.2002	0.0001	1.2002	0x887e8b6119b38c60cb03cab204c0a704c6e0a473	FALSE	0	0	0	0	0	0	0
279190	2	3	1	24691.649257	23206.989787	0	47905.410626	47898.639043999996	0	0.00	0.00	100	100	1.2002	1.2003	0.0001	1.2003	0xb0bada5d45d939a03c6d211d24a61a4418d7cd13	TRUE	-887272	887272	0	0	0	0	100
279192	2	3	1	18148.69855	20793.364676	0	38947.085317	38942.063226	0	0.00	0.00	100	100	1.2002	1.2003	0.0001	1.2003	0xb0bada5d45d939a03c6d211d24a61a4418d7cd13	TRUE	-887272	887272	0	0	0	0	100
279493	2	3	1	289.069586	395.585655	684.56471	0	684.6552409999999	0	0.00	0.00	87	82	1.2002	1.2003	0.0001	1.2003	0x887e8b6119b38c60cb03cab204c0a704c6e0a473	FALSE	0	0	0	0	0	0	0
280203	2	3	1	967.271359	5923.040617	0	6890.595392	6890.311976	0	0.00	0.00	100	100	1.2002	1.2003	0.0001	1.2003	0x1ba6090ce91454055904202970a63da3f132c8e9	FALSE	0	0	0	0	0	0	0
280343	3	4	1	37329.713781	10558.232592	47884.663215	0	47887.946373	0	0.00	0.00	100	98	1.2003	1.2004	0.0001	1.2004	0xb0bada5d45d939a03c6d211d24a61a4418d7cd13	TRUE	-887272	887272	0	0	0	0	100
280344	3	4	1	28187.533793	10760.722033	38944.879388	0	38948.255826	0	0.00	0.00	100	98	1.2003	1.2004	0.0001	1.2004	0xb0bada5d45d939a03c6d211d24a61a4418d7cd13	TRUE	-887272	887272	0	0	0	0	100
280414	2	4	2	1315.304729	4061.242455	5375.428398	0	5376.547184	0	0.00	0.00	50	40	1.2002	1.2004	0.0002	1.2003	0x3c5aac016ef2f178e8699d6208796a2d67557fe2	FALSE	0	0	0	0	1	0	0
280834	3	4	1	405.436223	596.648097	1001.887607	0	1002.0843199999999	0	0.00	0.00	91	82	1.2003	1.2004	0.0001	1.2004	0xcb8db65e9aefbb6386cc5b757516412b79067004	FALSE	0	0	0	0	0	0	0
283437	2	3	1	38416.441839	9486.929796	47901.380633	0	47903.371635	0	0.00	0.00	0	40	1.2002	1.2003	0.0001	1.2003	0xb0bada5d45d939a03c6d211d24a61a4418d7cd13	TRUE	-887272	887272	0	0	0	0	100
283441	2	3	1	32038.439361	6903.775426	38940.773069	0	38942.214787000004	0	0.00	0.00	0	20	1.2002	1.2003	0.0001	1.2003	0xb0bada5d45d939a03c6d211d24a61a4418d7cd13	TRUE	-887272	887272	0	0	0	0	100
283476	1	2	1	8892.723628	39026.988365	47914.220236	0	47919.711993	0	0.00	0.00	100	99	1.2001	1.2002	0.0001	1.2002	0xb0bada5d45d939a03c6d211d24a61a4418d7cd13	TRUE	-887272	887272	0	0	0	0	100
283477	1	2	1	8844.454585	30097.139829	38937.422168	0	38941.594414	0	0.00	0.00	100	98	1.2001	1.2002	0.0001	1.2002	0xb0bada5d45d939a03c6d211d24a61a4418d7cd13	TRUE	-887272	887272	0	0	0	0	100
283570	1	2	1	616.234544	385.387642	1001.576238	0	1001.622186	0	0.00	0.00	77	66	1.2001	1.2002	0.0001	1.2002	0xcb8db65e9aefbb6386cc5b757516412b79067004	FALSE	0	0	0	0	0	0	0
284113	1	2	1	517.040281	167.371062	684.392561	0	684.411343	0	0.00	0.00	98	92	1.2001	1.2002	0.0001	1.2002	0x887e8b6119b38c60cb03cab204c0a704c6e0a473	FALSE	0	0	0	0	0	0	0
285771	0	2	2	179.225757	271.374483	450.583898	0	450.60024	0	0.00	0.00	50	58	1.2000	1.2002	0.0002	1.2001	0xb7b502993560fc622d027f14aa1b3fcf17a57282	FALSE	0	0	0	0	0	0	0
286646	0	3	3	3250.749037	2124.393655	5375.016769	0	5375.142691999999	0	0.00	0.00	12	17	1.2000	1.2003	0.0003	1.2002	0x3c5aac016ef2f178e8699d6208796a2d67557fe2	FALSE	0	0	0	0	1	1	0
288146	0	1	1	4609.203815	43303.465608	47910.712694	0	47912.669423	0	0.00	0.00	71	90	1.2000	1.2001	0.0001	1.2000	0xb0bada5d45d939a03c6d211d24a61a4418d7cd13	TRUE	-887272	887272	0	0	0	0	100
288148	0	1	1	6948.083608	31994.900509	38941.6699	0	38942.984117	0	0.00	0.00	71	88	1.2000	1.2001	0.0001	1.2000	0xb0bada5d45d939a03c6d211d24a61a4418d7cd13	TRUE	-887272	887272	0	0	0	0	100
288229	0	1	1	410.212124	274.054459	684.261095	0	684.2665830000001	0	0.00	0.00	37	38	1.2000	1.2001	0.0001	1.2000	0x887e8b6119b38c60cb03cab204c0a704c6e0a473	FALSE	0	0	0	0	0	0	0
288342	0	2	2	0.167107	0.027986	0.195092	0	0.19509300000000002	0	0.00	0.00	96	71	1.2000	1.2002	0.0002	1.2001	0xacf89c236462a336917817b1d91fde5488ffb3ac	FALSE	0	0	0	0	0	0	0
288369	0	5	5	894.612053	53.618777	948.230071	0	948.23083	0	0.00	0.00	2	4	1.2000	1.2005	0.0005	1.2003	0x734e5ce09451fd8473b0d9d153b952a2084696eb	FALSE	0	0	0	0	2	2	0
288841	-1	0	1	16784.400796	31119.612975	35321.551397	12583.470418	47904.013771	0	0.00	0.00	100	100	0.9999	1.2000	0.0001	1.2000	0xb0bada5d45d939a03c6d211d24a61a4418d7cd13	TRUE	-887272	887272	0	0	0	0	100
288843	-1	0	1	15732.114826	23204.202541	38937.946319	0	38936.317366999996	0	0.00	0.00	96	99	0.9999	1.2000	0.0001	1.2000	0xb0bada5d45d939a03c6d211d24a61a4418d7cd13	TRUE	-887272	887272	0	0	0	0	100
288880	-2	0	2	0.353137	0.795018	0	1.148142	1.148155	0	0.00	0.00	100	100	0.9998	1.2000	0.0002	0.9999	0xacf89c236462a336917817b1d91fde5488ffb3ac	FALSE	0	0	0	0	1	0	0
289130	-2	1	3	27930.339688	20071.118803	25973.708728	22027.614713	48001.458491	0	0.00	0.00	66	60	0.9998	1.2001	0.0003	1.2000	0x2e7638abad4329c154bdf3d33d28ddc56f47136b	TRUE	-887272	887272	0	0	1	1	100
289543	-1	0	1	580.485604	103.698268	684.193455	0	684.183872	0	0.00	0.00	59	44	0.9999	1.2000	0.0001	1.2000	0x887e8b6119b38c60cb03cab204c0a704c6e0a473	FALSE	0	0	0	0	0	0	0
289875	-1	0	1	888.850566	112.526619	1001.387805	0	1001.3771849999999	0	0.00	0.00	80	63	0.9999	1.2000	0.0001	1.2000	0xcb8db65e9aefbb6386cc5b757516412b79067004	FALSE	0	0	0	0	0	0	0
290973	-2	0	2	410.508284	425.705453	0	836.193586	836.213737	0	0.00	0.00	100	92	0.9998	1.2000	0.0002	0.9999	0xb7b502993560fc622d027f14aa1b3fcf17a57282	FALSE	0	0	0	0	1	0	0
291224	-1	0	1	1173.970192	19.910357	1193.882521	0	1193.880549	0	0.00	0.00	95	88	0.9999	1.2000	0.0001	1.2000	0xa100fa6fada1be2041a20ba80c11e8f370c9306b	FALSE	0	0	0	0	0	0	0
291816	-2	-1	1	1858.004529	37086.058161	0	38943.872476	38944.06269	0	0.00	0.00	100	100	0.9998	0.9999	0.0001	0.9999	0xb0bada5d45d939a03c6d211d24a61a4418d7cd13	TRUE	-887272	887272	0	0	0	0	100
291821	-2	-1	1	164.125615	1214.415011	0	1378.523161	1378.540626	0	0.00	0.00	100	100	0.9998	0.9999	0.0001	0.9999	0xb0bada5d45d939a03c6d211d24a61a4418d7cd13	TRUE	-887272	887272	0	0	0	0	100
292175	-2	-1	1	4549.475817	2462.485395	4493.828086	2518.123972	7011.961212	0	0.00	0.00	100	100	0.9998	0.9999	0.0001	0.9999	0x45b17c587c2b36479aae4f49ee22ddae8b048a59	TRUE	-887272	887272	0	0	0	0	100
292240	-2	-1	1	3202.090605	1798.652965	0	5000.320896	5000.74357	0	0.00	0.00	100	100	0.9998	0.9999	0.0001	0.9999	0x45b17c587c2b36479aae4f49ee22ddae8b048a59	TRUE	-887272	887272	0	0	0	0	50
292247	-2	0	2	43290.761529	7957.230129	0	51244.335167	51247.991658	0	0.00	0.00	100	100	0.9998	1.2000	0.0002	0.9999	0x4f9ac9de39ab67c05e0ee125c5c4f7c10d5b9f2d	FALSE	0	0	0	0	0	0	0
293114	-2	-1	1	369.739693	314.165298	0	683.858028	683.904991	0	0.00	0.00	100	100	0.9998	0.9999	0.0001	0.9999	0x887e8b6119b38c60cb03cab204c0a704c6e0a473	FALSE	0	0	0	0	0	0	0
297603	-3	0	3	448.279142	834.960819	0	1283.216474	1283.239961	0	0.00	0.00	94	86	0.9997	1.2000	0.0003	0.9999	0xa95695c71256e41c5d128ed8bcca88a01dace919	FALSE	0	0	0	0	1	1	0
299338	-1	3	4	5374.479268	0	3372.141825	2002.286402	5374.479268	0	0.00	0.00	98	96	0.9999	1.2003	0.0004	1.2001	0x3c5aac016ef2f178e8699d6208796a2d67557fe2	FALSE	0	0	0	0	2	1	0
300670	-1	0	1	28040.060488	10930.332178	0	38969.383979	38970.392666	0	0.00	0.00	100	100	0.9999	1.2000	0.0001	1.2000	0xb0bada5d45d939a03c6d211d24a61a4418d7cd13	TRUE	-887272	887272	0	0	0	0	100
300672	-1	0	1	2888.324613	2111.663082	799.153118	4200.767123	4999.987695	0	0.00	0.00	100	100	0.9999	1.2000	0.0001	1.2000	0xb0bada5d45d939a03c6d211d24a61a4418d7cd13	TRUE	-887272	887272	0	0	0	0	50
300673	-1	0	1	731.489951	640.652631	0	1372.123085	1372.142582	0	0.00	0.00	100	100	0.9999	1.2000	0.0001	1.2000	0xb0bada5d45d939a03c6d211d24a61a4418d7cd13	TRUE	-887272	887272	0	0	0	0	100
301243	-1	0	1	3661.760779	6513.210306	0	10174.905199	10174.971085000001	0	0.00	0.00	100	90	0.9999	1.2000	0.0001	1.2000	0x597530c4298984f8b8c644893b6213b1c1f047a3	TRUE	-887272	887272	100	100	0	0	100
302364	-1	0	1	408.344286	275.117654	0	683.449741	683.46194	0	0.00	0.00	100	100	0.9999	1.2000	0.0001	1.2000	0x887e8b6119b38c60cb03cab204c0a704c6e0a473	FALSE	0	0	0	0	0	0	0
302788	-1	0	1	1356.946361	1964.28646	0	3321.203547	3321.232821	0	0.00	0.00	100	100	0.9999	1.2000	0.0001	1.2000	0x734e5ce09451fd8473b0d9d153b952a2084696eb	FALSE	0	0	0	0	0	0	0
305790	-1	1	2	20.769504	10.364357	31.134552	0	31.133861000000003	0	0.00	0.00	87	70	0.9999	1.2001	0.0002	1.2000	0x96165cc60fd4f85c1453aa6e1d0d2360c3c494c5	FALSE	0	0	0	0	0	0	0
311512	0	1	1	35963.538351	3034.263258	0	38999.739645	38997.801609	0	0.00	0.00	100	100	1.2000	1.2001	0.0001	1.2000	0xb0bada5d45d939a03c6d211d24a61a4418d7cd13	TRUE	-887272	887272	0	0	0	0	100
311515	0	1	1	2591.820191	407.765752	0	2999.733146	2999.585943	0	0.00	0.00	100	100	1.2000	1.2001	0.0001	1.2000	0xb0bada5d45d939a03c6d211d24a61a4418d7cd13	TRUE	-887272	887272	0	0	0	0	50
311518	0	1	1	1185.452844	186.504863	0	1372.025035	1371.957707	0	0.00	0.00	100	100	1.2000	1.2001	0.0001	1.2000	0xb0bada5d45d939a03c6d211d24a61a4418d7cd13	TRUE	-887272	887272	0	0	0	0	100
311568	0	1	1	218.112389	464.896906	0	683.027622	683.0092950000001	0	0.00	0.00	100	100	1.2000	1.2001	0.0001	1.2000	0x887e8b6119b38c60cb03cab204c0a704c6e0a473	FALSE	0	0	0	0	0	0	0
311966	1	2	1	3320.591083	0	0	0	3320.591083	0	0.00	0.00	23	18	1.2001	1.2002	0.0001	1.2002	0x734e5ce09451fd8473b0d9d153b952a2084696eb	FALSE	0	0	0	0	0	0	0
312601	1	2	1	38074.096609	917.846033	38991.849786	0	38991.942642	0	0.00	0.00	95	95	1.2001	1.2002	0.0001	1.2002	0xb0bada5d45d939a03c6d211d24a61a4418d7cd13	TRUE	-887272	887272	0	0	0	0	100
312603	1	2	1	2928.535694	70.597732	2999.126283	0	2999.1334260000003	0	0.00	0.00	95	93	1.2001	1.2002	0.0001	1.2002	0xb0bada5d45d939a03c6d211d24a61a4418d7cd13	TRUE	-887272	887272	0	0	0	0	50
312605	1	2	1	1339.460597	32.290158	1371.747488	0	1371.750755	0	0.00	0.00	94	93	1.2001	1.2002	0.0001	1.2002	0xb0bada5d45d939a03c6d211d24a61a4418d7cd13	TRUE	-887272	887272	0	0	0	0	100
312681	1	2	1	3878.14476	1051.426953	4929.45537	0	4929.571713	0	0.00	0.00	22	35	1.2001	1.2002	0.0001	1.2002	0x2c7fb10b8cf82d1ea7288eef1433e80936c35ee2	TRUE	-887272	887272	0	0	0	0	100
313010	1	2	1	444.864683	237.324173	682.160998	0	682.188856	0	0.00	0.00	64	40	1.2001	1.2002	0.0001	1.2002	0x887e8b6119b38c60cb03cab204c0a704c6e0a473	FALSE	0	0	0	0	0	0	0
313277	0	3	3	5954.999644	4183.155164	6498.353817	3639.738104	10138.154808	0	0.00	0.00	100	100	1.2000	1.2003	0.0003	1.2002	0x597530c4298984f8b8c644893b6213b1c1f047a3	TRUE	-887272	887272	100	100	1	1	100
313311	0	2	2	4680.115974	5447.105875	10126.928902	0	10127.221849000001	0	0.00	0.00	100	99	1.2000	1.2002	0.0002	1.2001	0x597530c4298984f8b8c644893b6213b1c1f047a3	TRUE	-101	102	0	0	1	0	100
313907	0	1	1	2952.035951	36038.49973	38988.870312	0	38990.535681	0	0.00	0.00	100	100	1.2000	1.2001	0.0001	1.2000	0xb0bada5d45d939a03c6d211d24a61a4418d7cd13	TRUE	-887272	887272	0	0	0	0	100
313909	0	1	1	345.494579	2653.552451	2538.278977	460.661072	2999.04703	0	0.00	0.00	100	99	1.2000	1.2001	0.0001	1.2000	0xb0bada5d45d939a03c6d211d24a61a4418d7cd13	TRUE	-887272	887272	0	0	0	0	50
313918	0	1	1	171.969868	1207.250851	531.691759	847.501929	1379.220719	0	0.00	0.00	100	100	1.2000	1.2001	0.0001	1.2000	0xb0bada5d45d939a03c6d211d24a61a4418d7cd13	TRUE	-887272	887272	0	0	0	0	100
314741	0	1	1	313.675006	368.176437	681.841503	0	681.851443	0	0.00	0.00	100	98	1.2000	1.2001	0.0001	1.2000	0x887e8b6119b38c60cb03cab204c0a704c6e0a473	FALSE	0	0	0	0	0	0	0
315996	-1	1	2	158.718217	677.381905	836.112979	0	836.1001219999999	0	0.00	0.00	87	63	0.9999	1.2001	0.0002	1.2000	0xb7b502993560fc622d027f14aa1b3fcf17a57282	FALSE	0	0	0	0	1	0	0
316544	-1	1	2	1.828695	8.162819	0	0	9.991514	0	0.00	0.00	35	56	0.9999	1.2001	0.0002	1.2000	0x881e625e5c30973b47cee3a0f3ef456012f13f7d	FALSE	0	0	0	0	0	0	0
317504	0	1	1	9.776288	15.630735	9.661983	15.745044	25.407023	0	0.00	0.00	100	100	1.2000	1.2001	0.0001	1.2000	0x6f27486b6c9a7a7fef4a6186aa9c0ba746a5a0dd	FALSE	0	0	0	0	0	0	0
317950	0	1	1	311.092887	373.400406	684.482626	0	684.493293	0	0.00	0.00	89	78	1.2000	1.2001	0.0001	1.2000	0xa100fa6fada1be2041a20ba80c11e8f370c9306b	FALSE	0	0	0	0	0	0	0
328710	0	1	1	526.443797	475.546027	1001.978539	0	1001.989824	0	0.00	0.00	21	8	1.2000	1.2001	0.0001	1.2000	0x2d1a0f69ea53d61b4f74648ca1db523610784406	FALSE	0	0	0	0	0	0	0
330232	-1	0	1	4628.183493	34356.25893	38986.364123	0	38984.442423	0	0.00	0.00	87	98	0.9999	1.2000	0.0001	1.2000	0xb0bada5d45d939a03c6d211d24a61a4418d7cd13	TRUE	-887272	887272	0	0	0	0	100
330233	-2	0	2	942.725591	9182.941748	10126.671128	0	10125.667339	0	0.00	0.00	100	97	0.9998	1.2000	0.0002	0.9999	0xb0bada5d45d939a03c6d211d24a61a4418d7cd13	TRUE	-101	102	0	0	1	0	100
330236	-1	0	1	459.855836	1519.197859	1979.147302	0	1979.053695	0	0.00	0.00	87	97	0.9999	1.2000	0.0001	1.2000	0xb0bada5d45d939a03c6d211d24a61a4418d7cd13	TRUE	-887272	887272	0	0	0	0	50
330311	-1	0	1	503.836714	177.452613	681.30476	0	681.289327	0	0.00	0.00	85	74	0.9999	1.2000	0.0001	1.2000	0x887e8b6119b38c60cb03cab204c0a704c6e0a473	FALSE	0	0	0	0	0	0	0
330455	-1	1	2	55830.112688	6198.891128	62029.561748	0	62029.003816000004	0	0.00	0.00	60	34	0.9999	1.2001	0.0002	1.2000	0x7336ce5f77631f4b6eb9ef16b85d35bf8f1cefe4	FALSE	0	0	0	0	0	0	0
332097	-1	0	1	622.783212	61.59328	684.382373	0	684.3764920000001	0	0.00	0.00	26	14	0.9999	1.2000	0.0001	1.2000	0xa100fa6fada1be2041a20ba80c11e8f370c9306b	TRUE	-887272	887272	0	0	0	0	100
333453	-2	-1	1	6168.821771	32825.324677	38999.330013	0	38994.146448	0	0.00	0.00	100	91	0.9998	0.9999	0.0001	0.9999	0xb0bada5d45d939a03c6d211d24a61a4418d7cd13	TRUE	-887272	887272	0	0	0	0	100
333455	-2	-1	1	411.837857	1566.91302	1979.002225	0	1978.750877	0	0.00	0.00	100	85	0.9998	0.9999	0.0001	0.9999	0xb0bada5d45d939a03c6d211d24a61a4418d7cd13	TRUE	-887272	887272	0	0	0	0	50
333644	-3	-2	1	7206.679359	31781.428791	38996.347835	0	38988.10815	0	0.00	0.00	100	82	0.9997	0.9998	0.0001	0.9998	0xb0bada5d45d939a03c6d211d24a61a4418d7cd13	TRUE	-887272	887272	0	0	0	0	100
333645	-4	-2	2	1427.653602	8695.943071	10126.328352	0	10123.596673	0	0.00	0.00	100	94	0.9996	0.9998	0.0002	0.9997	0xb0bada5d45d939a03c6d211d24a61a4418d7cd13	TRUE	-101	102	0	0	1	0	100
333647	-3	-2	1	645.893874	1332.595975	1978.844775	0	1978.489849	0	0.00	0.00	100	77	0.9997	0.9998	0.0001	0.9998	0xb0bada5d45d939a03c6d211d24a61a4418d7cd13	TRUE	-887272	887272	0	0	0	0	50
333677	-4	-2	2	221.495712	458.021565	679.669627	0	679.517277	0	0.00	0.00	100	68	0.9996	0.9998	0.0002	0.9997	0x887e8b6119b38c60cb03cab204c0a704c6e0a473	FALSE	0	0	0	0	1	0	0
333729	-4	-3	1	5546.351621	33435.176319	38993.469578	0	38981.52794	0	0.00	0.00	0	93	0.9996	0.9997	0.0001	0.9997	0xb0bada5d45d939a03c6d211d24a61a4418d7cd13	TRUE	-887272	887272	0	0	0	0	100
333730	-4	-3	1	444.64376	1533.508564	1978.706354	0	1978.152324	0	0.00	0.00	0	89	0.9996	0.9997	0.0001	0.9997	0xb0bada5d45d939a03c6d211d24a61a4418d7cd13	TRUE	-887272	887272	0	0	0	0	50
333808	-5	-4	1	952.620159	38021.646203	0	38973.884245	38974.266361999995	0	0.00	0.00	100	98	0.9995	0.9996	0.0001	0.9996	0xb0bada5d45d939a03c6d211d24a61a4418d7cd13	TRUE	-887272	887272	0	0	0	0	100
333812	-6	-4	2	497.157731	9622.517547	0	10119.474023	10119.675277999999	0	0.00	0.00	100	96	0.9994	0.9996	0.0002	0.9995	0xb0bada5d45d939a03c6d211d24a61a4418d7cd13	TRUE	-101	102	0	0	1	0	100
333813	-5	-4	1	194.282145	1783.118934	0	1977.322431	1977.4010790000002	0	0.00	0.00	100	96	0.9995	0.9996	0.0001	0.9996	0xb0bada5d45d939a03c6d211d24a61a4418d7cd13	TRUE	-887272	887272	0	0	0	0	50
334057	-6	-4	2	203.692451	474.260621	0	677.865499	677.953072	0	0.00	0.00	0	14	0.9994	0.9996	0.0002	0.9995	0x887e8b6119b38c60cb03cab204c0a704c6e0a473	FALSE	0	0	0	0	1	0	0
334152	-3	-2	1	9458.918581	29513.027332	0	38969.939673	38971.945913	0	0.00	0.00	100	100	0.9997	0.9998	0.0001	0.9998	0xb0bada5d45d939a03c6d211d24a61a4418d7cd13	TRUE	-887272	887272	0	0	0	0	100
334155	-4	-2	2	1186.022793	8932.625629	0	10118.397357	10118.648422	0	0.00	0.00	100	100	0.9996	0.9998	0.0002	0.9997	0xb0bada5d45d939a03c6d211d24a61a4418d7cd13	TRUE	-101	102	0	0	1	0	100
334157	-3	-2	1	463.481095	1513.730422	0	1977.113404	1977.2115170000002	0	0.00	0.00	100	100	0.9997	0.9998	0.0001	0.9998	0xb0bada5d45d939a03c6d211d24a61a4418d7cd13	TRUE	-887272	887272	0	0	0	0	50
334367	-2	-1	1	32422.686981	6549.110445	0	38967.207042	38971.797426	0	0.00	0.00	100	100	0.9998	0.9999	0.0001	0.9999	0xb0bada5d45d939a03c6d211d24a61a4418d7cd13	TRUE	-887272	887272	0	0	0	0	100
334369	-3	-1	2	3987.752033	6130.332397	0	10117.528572	10118.08443	0	0.00	0.00	100	100	0.9997	0.9999	0.0002	0.9998	0xb0bada5d45d939a03c6d211d24a61a4418d7cd13	TRUE	-101	102	0	0	1	0	100
334371	-2	-1	1	1558.379876	418.809205	0	1976.971856	1977.189081	0	0.00	0.00	100	98	0.9998	0.9999	0.0001	0.9999	0xb0bada5d45d939a03c6d211d24a61a4418d7cd13	TRUE	-887272	887272	0	0	0	0	50
334596	-3	-1	2	3929.813379	10497.111872	0	14426.425293	14426.925251	0	0.00	0.00	37	39	0.9997	0.9999	0.0002	0.9998	0x4880d9853fdd408830fa1a88f999d67362e8f9f0	FALSE	0	0	0	0	0	0	0
334850	-3	-1	2	735.420264	1492.314065	0	2227.63652	2227.734329	0	0.00	0.00	100	100	0.9997	0.9999	0.0002	0.9998	0xa1eca898ad4a4909c527c78b559ffdad005e761d	TRUE	-887272	887272	0	0	1	0	100
334979	-3	-1	2	201.495613	473.800492	0	675.269946	675.296105	0	0.00	0.00	18	19	0.9997	0.9999	0.0002	0.9998	0x887e8b6119b38c60cb03cab204c0a704c6e0a473	FALSE	0	0	0	0	1	0	0
335050	-3	-1	2	19015.894441	39847.102003	16458.766515	42403.820177	58862.996444000004	0	0.00	0.00	100	100	0.9997	0.9999	0.0002	0.9998	0x7336ce5f77631f4b6eb9ef16b85d35bf8f1cefe4	FALSE	0	0	0	0	1	0	0
335745	-2	-1	1	481.19157	202.980566	0	684.107102	684.172136	0	0.00	0.00	80	73	0.9998	0.9999	0.0001	0.9999	0xa100fa6fada1be2041a20ba80c11e8f370c9306b	TRUE	-887272	887272	0	0	0	0	100
335990	-2	1	3	789.234957	114.918827	0	904.129371	904.153784	0	0.00	0.00	16	18	0.9998	1.2001	0.0003	1.2000	0x9e8048b40dfada81b1902d21db3b45159b567b9f	FALSE	0	0	0	0	0	0	0
338158	-3	-1	2	9.880407	21.247562	0	0	31.127969	0	0.00	0.00	17	26	0.9997	0.9999	0.0002	0.9998	0x96165cc60fd4f85c1453aa6e1d0d2360c3c494c5	TRUE	-887272	887272	0	0	1	0	10
341110	-2	0	2	773.815995	227.94648	0	1001.702707	1001.762475	0	0.00	0.00	15	17	0.9998	1.2000	0.0002	0.9999	0x2d1a0f69ea53d61b4f74648ca1db523610784406	FALSE	0	0	0	0	1	0	0
342507	-1	0	1	17908.753636	21069.062857	0	38977.40511	38977.816493000006	0	0.00	0.00	0	100	0.9999	1.2000	0.0001	1.2000	0xb0bada5d45d939a03c6d211d24a61a4418d7cd13	TRUE	-887272	887272	0	0	0	0	100
342510	-2	0	2	2241.372961	7875.191705	0	10116.515013	10116.564666	0	0.00	0.00	0	100	0.9998	1.2000	0.0002	0.9999	0xb0bada5d45d939a03c6d211d24a61a4418d7cd13	TRUE	-101	102	0	0	1	0	100
342512	-2	0	2	491.659682	1733.936678	0	2225.585499	2225.59636	0	0.00	0.00	0	100	0.9998	1.2000	0.0002	0.9999	0xb0bada5d45d939a03c6d211d24a61a4418d7cd13	TRUE	-887272	887272	0	0	1	0	100
342551	0	1	1	8978.160754	29994.495831	0	38973.450975	38972.656585000004	0	0.00	0.00	0	100	1.2000	1.2001	0.0001	1.2000	0xb0bada5d45d939a03c6d211d24a61a4418d7cd13	TRUE	-887272	887272	0	0	0	0	100
342552	-1	1	2	1157.292288	8950.248637	0	10107.643402	10107.540925000001	0	0.00	0.00	0	100	0.9999	1.2001	0.0002	1.2000	0xb0bada5d45d939a03c6d211d24a61a4418d7cd13	TRUE	-101	102	0	0	1	0	100
342555	-1	1	2	254.797152	1970.546145	0	2225.365858	2225.343297	0	0.00	0.00	0	100	0.9999	1.2001	0.0002	1.2000	0xb0bada5d45d939a03c6d211d24a61a4418d7cd13	TRUE	-887272	887272	0	0	1	0	100
342582	0	1	1	448.819646	1527.919823	0	1976.779254	1976.7394689999999	0	0.00	0.00	0	100	1.2000	1.2001	0.0001	1.2000	0xb0bada5d45d939a03c6d211d24a61a4418d7cd13	TRUE	-887272	887272	0	0	0	0	50
342754	1	2	1	19403.621268	19562.99185	0	38970.010826	38966.613117999994	0	0.00	0.00	0	69	1.2001	1.2002	0.0001	1.2002	0xb0bada5d45d939a03c6d211d24a61a4418d7cd13	TRUE	-887272	887272	0	0	0	0	100
342757	0	2	2	2496.116192	7590.071276	0	10086.624928	10086.187468	0	0.00	0.00	0	67	1.2000	1.2002	0.0002	1.2001	0xb0bada5d45d939a03c6d211d24a61a4418d7cd13	TRUE	-101	102	0	0	1	0	100
342759	0	2	2	455.595712	1768.71637	0	2224.393871	2224.312082	0	0.00	0.00	0	64	1.2000	1.2002	0.0002	1.2001	0xb0bada5d45d939a03c6d211d24a61a4418d7cd13	TRUE	-887272	887272	0	0	1	0	100
342760	1	2	1	809.389085	1166.389749	0	1975.924136	1975.778834	0	0.00	0.00	0	64	1.2001	1.2002	0.0001	1.2002	0xb0bada5d45d939a03c6d211d24a61a4418d7cd13	TRUE	-887272	887272	0	0	0	0	50
342922	3	4	1	2398.244192	36566.924963	0	38966.12121	38965.169154999996	0	0.00	0.00	100	100	1.2003	1.2004	0.0001	1.2004	0xb0bada5d45d939a03c6d211d24a61a4418d7cd13	TRUE	-887272	887272	0	0	0	0	100
342927	2	4	2	310.344046	9774.078319	0	10084.545564	10084.422365	0	0.00	0.00	100	100	1.2002	1.2004	0.0002	1.2003	0xb0bada5d45d939a03c6d211d24a61a4418d7cd13	TRUE	-101	102	0	0	1	0	100
342933	2	4	2	68.447153	2155.697318	0	2224.171642	2224.144471	0	0.00	0.00	100	100	1.2002	1.2004	0.0002	1.2003	0xb0bada5d45d939a03c6d211d24a61a4418d7cd13	TRUE	-887272	887272	0	0	1	0	100
342935	3	4	1	121.599845	1854.078256	0	1975.726373	1975.678101	0	0.00	0.00	100	100	1.2003	1.2004	0.0001	1.2004	0xb0bada5d45d939a03c6d211d24a61a4418d7cd13	TRUE	-887272	887272	0	0	0	0	50
344144	3	4	1	261.988269	421.955653	0	684.043711	683.9439219999999	0	0.00	0.00	100	100	1.2003	1.2004	0.0001	1.2004	0xa100fa6fada1be2041a20ba80c11e8f370c9306b	TRUE	-887272	887272	0	0	0	0	100
344606	2	5	3	583.879426	1192.360434	64.418746	1712.042521	1776.23986	0	0.00	0.00	100	100	1.2002	1.2005	0.0003	1.2004	0xa95695c71256e41c5d128ed8bcca88a01dace919	FALSE	0	0	0	0	1	1	0
346815	4	5	1	35833.611895	3123.650164	38956.000397	0	38957.262059	0	0.00	0.00	93	99	1.2004	1.2005	0.0001	1.2005	0xb0bada5d45d939a03c6d211d24a61a4418d7cd13	TRUE	-887272	887272	0	0	0	0	100
346818	3	5	2	3937.532149	6144.34357	0	10083.69099	10081.875719	0	0.00	0.00	100	100	1.2003	1.2005	0.0002	1.2004	0xb0bada5d45d939a03c6d211d24a61a4418d7cd13	TRUE	-101	102	0	0	1	0	100
346820	3	5	2	868.8952	1356.530347	1830.478411	394.582815	2225.425547	0	0.00	0.00	100	100	1.2003	1.2005	0.0002	1.2004	0xb0bada5d45d939a03c6d211d24a61a4418d7cd13	TRUE	-887272	887272	0	0	1	0	100
346824	4	5	1	1536.520017	438.359976	1974.69983	0	1974.879993	0	0.00	0.00	93	99	1.2004	1.2005	0.0001	1.2005	0xb0bada5d45d939a03c6d211d24a61a4418d7cd13	TRUE	-887272	887272	0	0	0	0	50
347036	-3	5	8	9.221833	850.150605	153.721747	705.589392	859.372438	0	0.00	0.00	100	100	0.9997	1.2005	0.0008	1.2001	0xfa5f3eb3c4388d8793fc6cffaf016b3eee10b17a	FALSE	0	0	0	0	0	0	0
349766	3	8	5	431.40943	252.25705	596.944167	86.652132	683.66648	0	0.00	0.00	100	100	1.2003	1.2008	0.0005	1.2006	0xa100fa6fada1be2041a20ba80c11e8f370c9306b	FALSE	0	0	0	0	0	0	0
350376	3	4	1	33185.1216	5784.740495	0	38981.724646	38969.862095	0	0.00	0.00	100	99	1.2003	1.2004	0.0001	1.2004	0xb0bada5d45d939a03c6d211d24a61a4418d7cd13	TRUE	-887272	887272	0	0	0	0	100
350380	3	4	1	1681.483054	292.245107	0	1974.329202	1973.728161	0	0.00	0.00	100	99	1.2003	1.2004	0.0001	1.2004	0xb0bada5d45d939a03c6d211d24a61a4418d7cd13	TRUE	-887272	887272	0	0	0	0	50
353989	3	4	1	88.907934	157.035904	245.891725	0	245.94383799999997	0	0.00	0.00	47	42	1.2003	1.2004	0.0001	1.2004	0x762d3061c9f10c12ed4956a8ea64d0aff0051138	FALSE	0	0	0	0	0	0	0
354707	3	4	1	370.331299	488.690844	0	859.16231	859.022143	0	0.00	0.00	48	26	1.2003	1.2004	0.0001	1.2004	0xfa5f3eb3c4388d8793fc6cffaf016b3eee10b17a	FALSE	0	0	0	0	0	0	0
356648	2	4	2	2893.797723	11508.475497	14399.052585	0	14402.27322	0	0.00	0.00	61	58	1.2002	1.2004	0.0002	1.2003	0x4880d9853fdd408830fa1a88f999d67362e8f9f0	FALSE	0	0	0	0	1	0	0
357231	5	6	1	16176.17539	22793.220605	0	38978.7681	38969.395995	0	0.00	0.00	100	100	1.2005	1.2006	0.0001	1.2006	0xb0bada5d45d939a03c6d211d24a61a4418d7cd13	TRUE	-887272	887272	0	0	0	0	100
357233	4	6	2	2092.206735	7989.261393	0	10082.680304	10081.468128	0	0.00	0.00	100	100	1.2004	1.2006	0.0002	1.2005	0xb0bada5d45d939a03c6d211d24a61a4418d7cd13	TRUE	-101	102	0	0	1	0	100
357234	5	6	1	819.154712	1154.239097	0	1973.868407	1973.393809	0	0.00	0.00	100	100	1.2005	1.2006	0.0001	1.2006	0xb0bada5d45d939a03c6d211d24a61a4418d7cd13	TRUE	-887272	887272	0	0	0	0	50
357922	6	7	1	34387.03589	4566.632265	38950.902397	0	38953.668155	0	0.00	0.00	100	98	1.2006	1.2007	0.0001	1.2007	0xb0bada5d45d939a03c6d211d24a61a4418d7cd13	TRUE	-887272	887272	0	0	0	0	100
357928	5	7	2	4447.458432	5631.377843	10075.707052	0	10078.836275000001	0	0.00	0.00	100	99	1.2005	1.2007	0.0002	1.2006	0xb0bada5d45d939a03c6d211d24a61a4418d7cd13	TRUE	-101	102	0	0	1	0	100
357952	6	7	1	1741.330904	231.250461	1972.441309	0	1972.581365	0	0.00	0.00	100	97	1.2006	1.2007	0.0001	1.2007	0xb0bada5d45d939a03c6d211d24a61a4418d7cd13	TRUE	-887272	887272	0	0	0	0	50
359394	5	6	1	1116.87671	37852.390445	38948.509345	0	38969.267154999994	0	0.00	0.00	97	98	1.2005	1.2006	0.0001	1.2006	0xb0bada5d45d939a03c6d211d24a61a4418d7cd13	TRUE	-887272	887272	0	0	0	0	100
359404	5	6	1	238.9542	1734.309088	1972.320227	0	1973.2632879999999	0	0.00	0.00	97	97	1.2005	1.2006	0.0001	1.2006	0xb0bada5d45d939a03c6d211d24a61a4418d7cd13	TRUE	-887272	887272	0	0	0	0	50
359490	5	6	1	39768.316185	31195.659549	70947.697497	0	70963.975734	0	0.00	0.00	98	82	1.2005	1.2006	0.0001	1.2006	0xc8b96b28c8fb5ebeba10d837067b34eac96aae0c	FALSE	0	0	0	0	0	0	0
360743	5	6	1	661.701664	237.514787	899.094594	0	899.216451	0	0.00	0.00	7	1	1.2005	1.2006	0.0001	1.2006	0xfa5f3eb3c4388d8793fc6cffaf016b3eee10b17a	FALSE	0	0	0	0	0	0	0
360934	4	5	1	5632.069158	33328.493938	38945.810268	0	38960.563096	0	0.00	0.00	100	99	1.2004	1.2005	0.0001	1.2005	0xb0bada5d45d939a03c6d211d24a61a4418d7cd13	TRUE	-887272	887272	0	0	0	0	100
360937	3	5	2	728.495229	9350.530814	10075.354346	0	10079.026043	0	0.00	0.00	97	99	1.2003	1.2005	0.0002	1.2004	0xb0bada5d45d939a03c6d211d24a61a4418d7cd13	TRUE	-101	102	0	0	1	0	100
360939	4	5	1	337.938166	1634.842855	1972.059544	0	1972.7810210000002	0	0.00	0.00	100	98	1.2004	1.2005	0.0001	1.2005	0xb0bada5d45d939a03c6d211d24a61a4418d7cd13	TRUE	-887272	887272	0	0	0	0	50
361017	4	5	1	59937.818259	11007.124723	59934.402616	11010.541783	70944.94298200001	0	0.00	0.00	100	100	1.2004	1.2005	0.0001	1.2005	0xc8b96b28c8fb5ebeba10d837067b34eac96aae0c	TRUE	-887272	887272	0	0	0	0	100
361053	3	5	2	32359.04472	38585.424997	32193.943919	38750.593328	70944.469717	0	0.00	0.00	100	100	1.2003	1.2005	0.0002	1.2004	0xc8b96b28c8fb5ebeba10d837067b34eac96aae0c	TRUE	-887272	887272	0	0	1	0	100
363911	3	4	1	19842.813682	19105.552891	38942.167708	0	38948.366573	0	0.00	0.00	92	97	1.2003	1.2004	0.0001	1.2004	0xb0bada5d45d939a03c6d211d24a61a4418d7cd13	TRUE	-887272	887272	0	0	0	0	100
363914	3	4	1	1062.706524	909.465372	1971.878152	0	1972.1718959999998	0	0.00	0.00	92	97	1.2003	1.2004	0.0001	1.2004	0xb0bada5d45d939a03c6d211d24a61a4418d7cd13	TRUE	-887272	887272	0	0	0	0	50
365914	2	3	1	16278.140888	22665.940179	38938.88921	0	38944.081067	0	0.00	0.00	100	99	1.2002	1.2003	0.0001	1.2003	0xb0bada5d45d939a03c6d211d24a61a4418d7cd13	TRUE	-887272	887272	0	0	0	0	100
365917	1	3	2	2105.822952	7970.521023	10074.916673	0	10076.343975	0	0.00	0.00	100	98	1.2001	1.2003	0.0002	1.2002	0xb0bada5d45d939a03c6d211d24a61a4418d7cd13	TRUE	-101	102	0	0	1	0	100
365918	2	3	1	872.37114	1099.58475	1971.70536	0	1971.95589	0	0.00	0.00	100	98	1.2002	1.2003	0.0001	1.2003	0xb0bada5d45d939a03c6d211d24a61a4418d7cd13	TRUE	-887272	887272	0	0	0	0	50
365963	2	3	1	414.998728	482.522527	897.411799	0	897.5212550000001	0	0.00	0.00	63	61	1.2002	1.2003	0.0001	1.2003	0xfa5f3eb3c4388d8793fc6cffaf016b3eee10b17a	FALSE	0	0	0	0	0	0	0
366204	-4	3	7	10	106.223594	0	0	116.223594	0	0.00	0.00	46	92	0.9996	1.2003	0.0007	1.2000	0xad14641448a909cc0dec88c0a0543e7e9fe3a581	TRUE	-887272	887272	0	0	3	3	100
375160	1	3	2	264.910383	410.222812	675.067257	0	675.133195	0	0.00	0.00	70	48	1.2001	1.2003	0.0002	1.2002	0x887e8b6119b38c60cb03cab204c0a704c6e0a473	FALSE	0	0	0	0	1	0	0
379215	0	1	1	4578.545196	34370.414527	38947.443339	0	38948.959723	0	0.00	0.00	99	99	1.2000	1.2001	0.0001	1.2000	0xb0bada5d45d939a03c6d211d24a61a4418d7cd13	TRUE	-887272	887272	0	0	0	0	100
379235	-1	1	2	705.565954	9363.990042	9569.19138	500.382675	10069.555996	0	0.00	0.00	100	100	0.9999	1.2001	0.0002	1.2000	0xb0bada5d45d939a03c6d211d24a61a4418d7cd13	TRUE	-101	102	0	0	1	0	100
379245	0	1	1	276.278885	1695.2286	1971.434606	0	1971.5074849999999	0	0.00	0.00	95	96	1.2000	1.2001	0.0001	1.2000	0xb0bada5d45d939a03c6d211d24a61a4418d7cd13	TRUE	-887272	887272	0	0	0	0	50
381819	-1	1	2	172.171961	502.852421	0	675.037206	675.0243820000001	0	0.00	0.00	100	100	0.9999	1.2001	0.0002	1.2000	0x887e8b6119b38c60cb03cab204c0a704c6e0a473	FALSE	0	0	0	0	1	0	0
387749	-1	0	1	11280.81653	27704.495832	0	38985.148528	38985.312362	0	0.00	0.00	99	97	0.9999	1.2000	0.0001	1.2000	0xb0bada5d45d939a03c6d211d24a61a4418d7cd13	TRUE	-887272	887272	0	0	0	0	100
388070	-1	0	1	941.262595	1029.903095	1775.31697	195.906184	1971.1656899999998	0	0.00	0.00	100	100	0.9999	1.2000	0.0001	1.2000	0xb0bada5d45d939a03c6d211d24a61a4418d7cd13	TRUE	-887272	887272	0	0	0	0	50
388973	-2	1	3	468.868786	428.392703	0	0	897.261489	0	0.00	0.00	34	78	0.9998	1.2001	0.0003	1.2000	0xfa5f3eb3c4388d8793fc6cffaf016b3eee10b17a	FALSE	0	0	0	0	1	1	0
390321	-2	0	2	4126.087473	10270.586015	6467.162548	7929.683173	14396.673488	0	0.00	0.00	100	100	0.9998	1.2000	0.0002	0.9999	0x4880d9853fdd408830fa1a88f999d67362e8f9f0	FALSE	0	0	0	0	1	0	0
398911	-1	0	1	70926.986921	29041.942057	89597.131298	10373.296419	99968.92897800001	0	0.00	0.00	100	100	0.9999	1.2000	0.0001	1.2000	0xaf92bd13e0ff605cef65dba5abcf6453cbb59b37	FALSE	0	0	0	0	0	0	0
408368	-1	0	1	8007.02106	984.783191	0	8991.447774	8991.804251	0	0.00	0.00	96	84	0.9999	1.2000	0.0001	1.2000	0xad14641448a909cc0dec88c0a0543e7e9fe3a581	TRUE	-887272	887272	0	0	0	0	100
417700	1	2	1	23855.873624	15119.67385	0	0	38975.547474	0	0.00	0.00	98	100	1.2001	1.2002	0.0001	1.2002	0xb0bada5d45d939a03c6d211d24a61a4418d7cd13	TRUE	-887272	887272	0	0	0	0	100
417712	1	2	1	5502.403105	3487.381835	0	0	8989.784940000001	0	0.00	0.00	99	100	1.2001	1.2002	0.0001	1.2002	0xb0bada5d45d939a03c6d211d24a61a4418d7cd13	TRUE	-887272	887272	0	0	0	0	100
418922	0	2	2	164.169209	510.775648	0	0	674.944857	0	0.00	0.00	93	84	1.2000	1.2002	0.0002	1.2001	0x887e8b6119b38c60cb03cab204c0a704c6e0a473	FALSE	0	0	0	0	1	0	0