wallet	ichi_vault	apr	total_days	deposit_value	reward_value	deposit_time	deposit_asset0	deposit_asset1
0x23cd671c5fb77251579ae915dc3581bf099338ee	0x8bcf8ad9c16f455b54a077f48717c08afa326296	52.34	81	9.96	1.1460	25/02/11 21:02:00	frxUSD	scUSD
0x5c9de63470d0d6d8103f7c83f1be4f55998706fc	0x8bcf8ad9c16f455b54a077f48717c08afa326296	49.86	1	01.08	0.0015	25/02/13 23:02:00	frxUSD	scUSD
0x749a60e75168f64744f24796c72696f8948fa39e	0x1b282d69a54a983714bb6bea8caacb29d4cb45b5	47.52	2	6.99	0.0182	25/02/14 14:02:00	frxUSD	scUSD
0x7b3804c3e3edf0ce0f9b8fff0525c1c1e47c8525	0x8bcf8ad9c16f455b54a077f48717c08afa326296	43.32	2	100.07	0.2375	25/02/13 17:02:00	frxUSD	scUSD
0x3f3473eec430967026765a74d88751c9421adf02	0x8bcf8ad9c16f455b54a077f48717c08afa326296	42.62	2	405.00	0.9459	25/02/13 17:02:00	frxUSD	scUSD
0x7d19a1ee08eb382da251d95fd27550b855f85e9a	0x8bcf8ad9c16f455b54a077f48717c08afa326296	41.82	1	23973.62	27.4675	25/02/13 18:02:00	frxUSD	scUSD
0xae6809ba655f91a12fa772652b558515a64f5f9a	0x1b282d69a54a983714bb6bea8caacb29d4cb45b5	38.26	4	684.02	2.8682	25/02/14 13:02:00	frxUSD	scUSD
0x1a86b3539abe10a5d11a60cf349aed972ba19f22	0x8bcf8ad9c16f455b54a077f48717c08afa326296	37.06	1	355.47	0.3609	25/02/13 21:02:00	frxUSD	scUSD
0x51246a6da89985fe7ec33b8c3a81549492d94d4d	0x8bcf8ad9c16f455b54a077f48717c08afa326296	35.41	2	801.34	1.3645	25/05/01 8:05:00	frxUSD	scUSD
0xcbfd2e80a7c1fc629c77ce8be028b03bb668ca35	0x8bcf8ad9c16f455b54a077f48717c08afa326296	35.03	2	1654.28	2.2292	25/05/01 16:05:00	frxUSD	scUSD
0x5b39011addad1040e552a4e857f047adfe59fbd9	0x1b282d69a54a983714bb6bea8caacb29d4cb45b5	34.39	2	521.44	0.9826	25/02/14 9:02:00	frxUSD	scUSD
0xfcc582fabe08e9bd8c46779223f321d3d53f0657	0x1b282d69a54a983714bb6bea8caacb29d4cb45b5	34.38	1	100.25	0.0944	25/02/14 13:02:00	frxUSD	scUSD
0x8a30fe8dd7c1b8ee6fff8892731ed345b9e33b29	0x1b282d69a54a983714bb6bea8caacb29d4cb45b5	34.16	2	6065.28	11.3522	25/02/14 14:02:00	frxUSD	scUSD
0x573aa6f2e207ba93deccedd79b178891ea121665	0x8bcf8ad9c16f455b54a077f48717c08afa326296	33.01	1	3001.84	2.7147	25/02/13 19:02:00	frxUSD	scUSD
0xb7bb43e68b41ed173c29c8869ac90a18c551c598	0x8bcf8ad9c16f455b54a077f48717c08afa326296	30.82	5	50.62	0.1971	25/04/28 11:04:00	frxUSD	scUSD
0x7253da52c0dc7a77bb39c50d5d59fa63c7959b97	0x8bcf8ad9c16f455b54a077f48717c08afa326296	29.04	2	67.53	0.1074	25/02/14 10:02:00	frxUSD	scUSD
0x7253da52c0dc7a77bb39c50d5d59fa63c7959b97	0x1b282d69a54a983714bb6bea8caacb29d4cb45b5	28.35	1	67.55	0.0525	25/02/15 17:02:00	frxUSD	scUSD
0x5c9de63470d0d6d8103f7c83f1be4f55998706fc	0x1b282d69a54a983714bb6bea8caacb29d4cb45b5	26.89	5	01.01	0.0037	25/02/14 16:02:00	frxUSD	scUSD
0x42a1ef5ffdaf134eb958814e443db9c244375c8f	0x1b282d69a54a983714bb6bea8caacb29d4cb45b5	26.71	2	1007.24	1.4742	25/02/15 13:02:00	frxUSD	scUSD
0xc1c21909510e49fe2b4c774476ba7d4e371f98fc	0x8bcf8ad9c16f455b54a077f48717c08afa326296	26.68	3	16722.15	36.6687	25/04/29 13:04:00	frxUSD	scUSD
0xffae19561c038747c5c9f79f7777c29f28c4b4ad	0x8bcf8ad9c16f455b54a077f48717c08afa326296	25.01	3	24513.48	50.3835	25/02/13 5:02:00	frxUSD	scUSD
0x5e8e79f1d05dff8bfb9ab83fb9ea0c66150e75f5	0x1b282d69a54a983714bb6bea8caacb29d4cb45b5	24.71	1	400.85	0.2714	25/02/14 15:02:00	frxUSD	scUSD
0xc7ec4d570b5e371ea07de68cd96b8b50e3705c39	0x1b282d69a54a983714bb6bea8caacb29d4cb45b5	24.07	1	657.09	0.4333	25/02/15 23:02:00	frxUSD	scUSD
0x5e552e0a1f107b225116b525f0fbfe887d332068	0x1b282d69a54a983714bb6bea8caacb29d4cb45b5	23.70	8	5372.24	27.9069	25/02/14 11:02:00	frxUSD	scUSD
0xae6809ba655f91a12fa772652b558515a64f5f9a	0x8bcf8ad9c16f455b54a077f48717c08afa326296	23.62	5	25968.99	84.0358	25/02/13 20:02:00	frxUSD	scUSD
0x4be31bc593bed9754e286ad2a0609261def7eb0d	0x8bcf8ad9c16f455b54a077f48717c08afa326296	23.38	1	483.67	0.3098	25/02/13 20:02:00	frxUSD	scUSD
0x2285a67d53e22d3170d308956c8b42714c44f633	0x8bcf8ad9c16f455b54a077f48717c08afa326296	21.69	10	499.73	2.7284	25/04/23 21:04:00	frxUSD	scUSD
0x4f4b9492392b88a1d21611575b732428a1bedea6	0x8bcf8ad9c16f455b54a077f48717c08afa326296	21.60	10	3204.55	17.0884	25/04/24 2:04:00	frxUSD	scUSD
0x593bd5f09c389d4492e2eb02a752b90deb7bac77	0x1b282d69a54a983714bb6bea8caacb29d4cb45b5	21.45	2	5340.09	6.2773	25/02/15 23:02:00	frxUSD	scUSD
0x2815eb10b9466625a7821940307e046592231f73	0x1b282d69a54a983714bb6bea8caacb29d4cb45b5	20.00	2	1850.60	2.0281	25/02/14 18:02:00	frxUSD	scUSD
0x2815eb10b9466625a7821940307e046592231f73	0x8bcf8ad9c16f455b54a077f48717c08afa326296	19.82	2	10.00	0.0109	25/02/14 19:02:00	frxUSD	scUSD
0x09d4f43eae86a2d653a0aa9509cb68c0873a5b66	0x8bcf8ad9c16f455b54a077f48717c08afa326296	19.54	15	283.04	2.2518	25/04/18 5:04:00	frxUSD	scUSD
0x11047ba5c5fe45e24fa78639e31acca9c9d26447	0x8bcf8ad9c16f455b54a077f48717c08afa326296	19.52	1	916.01	0.4899	25/04/08 20:04:00	frxUSD	scUSD
0x9706f780799894c80df973a3590507655e4c5fa6	0x1b282d69a54a983714bb6bea8caacb29d4cb45b5	19.07	14	803.63	5.8780	25/02/14 11:02:00	frxUSD	scUSD
0x9bf2873be63ac14ed70a318b1f8c5499b03c1dc1	0x1b282d69a54a983714bb6bea8caacb29d4cb45b5	19.01	8	8180.00	34.0900	25/04/06 11:04:00	frxUSD	scUSD
0xb8e9258da5b901e1d2fd407dac6a362f5a3e4a7d	0x8bcf8ad9c16f455b54a077f48717c08afa326296	18.95	9	2904.07	13.5682	25/04/09 0:04:00	frxUSD	scUSD
0x4e430992db6f3bddbc6a50d1513845f087e9af4a	0x8bcf8ad9c16f455b54a077f48717c08afa326296	18.91	10	9.29	0.0451	25/04/23 17:04:00	frxUSD	scUSD
0xc18dad44e77cf2f2f689f68d93a3603cbcdc5a30	0x1b282d69a54a983714bb6bea8caacb29d4cb45b5	18.57	8	20423.73	83.1057	25/02/14 21:02:00	frxUSD	scUSD
0x75a99f71613b8bdcada498b56a0d8b31cb8caf50	0x1b282d69a54a983714bb6bea8caacb29d4cb45b5	18.43	8	14.45	0.0584	25/02/14 23:02:00	frxUSD	scUSD
0x00c6d212501fe3e3a8fc19871ff0ae46c342e5fd	0x1b282d69a54a983714bb6bea8caacb29d4cb45b5	17.80	25	10156.10	119.2610	25/04/09 0:04:00	frxUSD	scUSD
0xd577c5d0a43c6359cc3926d70fc7f48e726fc121	0x1b282d69a54a983714bb6bea8caacb29d4cb45b5	17.45	5	0.00	0.0000	25/04/28 11:04:00	frxUSD	scUSD
0xb7b9805085d75bc43dfece77af4f7cbe11e7b963	0x1b282d69a54a983714bb6bea8caacb29d4cb45b5	17.33	5	0.11	0.0003	25/04/28 5:04:00	frxUSD	scUSD
0xf4bb7b8cf001338e24f305b033a76c5c3629cbe7	0x1b282d69a54a983714bb6bea8caacb29d4cb45b5	16.99	8	2817.70	10.4907	25/04/10 11:04:00	frxUSD	scUSD
0xfa905a2915c55bcf11d21d75b11a690e2fa044da	0x8bcf8ad9c16f455b54a077f48717c08afa326296	16.96	14	1049.16	6.8243	25/04/08 21:04:00	frxUSD	scUSD
0x8d79ce1ec51263d606a3c8421f71c62ddd0dac7a	0x8bcf8ad9c16f455b54a077f48717c08afa326296	16.96	14	597.82	3.8881	25/04/08 21:04:00	frxUSD	scUSD
0xbb8809c3b90f2b7a8d2ad576005e596cb79a6330	0x8bcf8ad9c16f455b54a077f48717c08afa326296	16.79	20	2341.26	21.5350	25/04/07 20:04:00	frxUSD	scUSD
0x99349957ea9c3c4120751018ab074e79c34e0611	0x1b282d69a54a983714bb6bea8caacb29d4cb45b5	16.70	14	300.11	1.8589	25/04/19 13:04:00	frxUSD	scUSD
0xb488885afc5a3e1055e598d40a60e3350fef602e	0x1b282d69a54a983714bb6bea8caacb29d4cb45b5	16.56	18	1575.46	12.8667	25/04/11 12:04:00	frxUSD	scUSD
0x97b73b8eaa8662381383a67e0dbcab67f78337dd	0x1b282d69a54a983714bb6bea8caacb29d4cb45b5	16.47	7	138217.98	436.4809	25/02/13 23:02:00	frxUSD	scUSD
0x3aa4fa3490cbe402160013df4c001f0c8bffa58f	0x8bcf8ad9c16f455b54a077f48717c08afa326296	16.45	39	0.63	0.0109	25/03/25 18:03:00	frxUSD	scUSD
0x5a30c0b5b45f28971495e8d0dcd9146153d3639f	0x8bcf8ad9c16f455b54a077f48717c08afa326296	16.41	5	80137.43	180.1588	25/04/16 5:04:00	frxUSD	scUSD
0xedc3ac9e8553c7739d89b9150ad2e92d1580a0be	0x8bcf8ad9c16f455b54a077f48717c08afa326296	16.27	40	0.61	0.0106	25/03/24 18:03:00	frxUSD	scUSD
0x1fab9d2d12c9aa65e23bb273c856d52ffba3afaf	0x8bcf8ad9c16f455b54a077f48717c08afa326296	16.19	3	18.34	0.0244	25/02/14 13:02:00	frxUSD	scUSD
0xd754729c3840c52aeea62c5b48fe8ae51a5a386d	0x1b282d69a54a983714bb6bea8caacb29d4cb45b5	16.16	1	320.00	0.1417	25/02/18 12:02:00	frxUSD	scUSD
0xc77718b75ba9662bdc27e5ec95c99d60aafedd89	0x1b282d69a54a983714bb6bea8caacb29d4cb45b5	15.86	7	1144.34	3.4799	25/04/17 22:04:00	frxUSD	scUSD
0xf172f7cb5ec08dbd2195d82d4fbcf132d75e87ff	0x8bcf8ad9c16f455b54a077f48717c08afa326296	15.67	15	1.61	0.0104	25/04/05 12:04:00	frxUSD	scUSD
0xc77718b75ba9662bdc27e5ec95c99d60aafedd89	0x8bcf8ad9c16f455b54a077f48717c08afa326296	15.48	26	2329.57	25.6906	25/04/01 11:04:00	frxUSD	scUSD
0xfd713ecff6f473827e01d7c8cf50dadda4281262	0x1b282d69a54a983714bb6bea8caacb29d4cb45b5	15.34	14	8516.13	50.1070	25/04/08 21:04:00	frxUSD	scUSD
0x7fb1041931a8ca61a7607feb1500265bbd8f0434	0x8bcf8ad9c16f455b54a077f48717c08afa326296	15.22	10	8123.27	33.8783	25/04/17 4:04:00	frxUSD	scUSD
0x4b2c88573f8f2baee29d5a1b68651afc868475a0	0x1b282d69a54a983714bb6bea8caacb29d4cb45b5	15.17	10	2361.72	9.8160	25/02/14 21:02:00	frxUSD	scUSD
0xbce83d5060a7d7007fd7ca17301c1e5131b2d50e	0x8bcf8ad9c16f455b54a077f48717c08afa326296	15.13	7	10000.00	29.0098	25/02/14 22:02:00	frxUSD	scUSD
0x3f932b960dce166cebf43dd262c025c039153857	0x8bcf8ad9c16f455b54a077f48717c08afa326296	15.03	8	1006.67	3.3165	25/02/14 12:02:00	frxUSD	scUSD
0x0bcf7b084613f1ca63fa47918cc5f3b383be4aab	0x1b282d69a54a983714bb6bea8caacb29d4cb45b5	14.78	3	1048.78	1.2744	25/02/13 17:02:00	frxUSD	scUSD
0x7d03b76b3687dd25c10d3e5e6e0b022942173f4c	0x8bcf8ad9c16f455b54a077f48717c08afa326296	14.72	46	63.23	1.1494	25/03/19 0:03:00	frxUSD	scUSD
0x27d146ce3ff946586ec97103d7a72c2edab547ca	0x8bcf8ad9c16f455b54a077f48717c08afa326296	14.23	36	16.16	0.2256	25/03/28 6:03:00	frxUSD	scUSD
0x4334703b0b74e2045926f82f4158a103fce1df4f	0x8bcf8ad9c16f455b54a077f48717c08afa326296	14.19	11	8467.77	36.2066	25/04/17 12:04:00	frxUSD	scUSD
0xb21f69a8eba1475c96c09e8c62842dcc16f0d441	0x1b282d69a54a983714bb6bea8caacb29d4cb45b5	14.15	5	74090.55	143.6068	25/02/16 7:02:00	frxUSD	scUSD
0xf4bb7b8cf001338e24f305b033a76c5c3629cbe7	0x8bcf8ad9c16f455b54a077f48717c08afa326296	14.13	8	2945.52	9.1201	25/04/17 17:04:00	frxUSD	scUSD
0x83c9e62b8e942241d960894b3c2cc3b9a23c9b3c	0x8bcf8ad9c16f455b54a077f48717c08afa326296	13.94	8	856.03	2.6148	25/02/14 13:02:00	frxUSD	scUSD
0xa9e9e0414d52658515eb9db6dcdc6055396a031a	0x1b282d69a54a983714bb6bea8caacb29d4cb45b5	13.87	13	5439.23	26.8673	25/02/14 21:02:00	frxUSD	scUSD
0x9e0ef1bc1a3411001a30ea016faeab76d28bf8e3	0x1b282d69a54a983714bb6bea8caacb29d4cb45b5	13.66	3	40192.50	45.1420	25/02/17 11:02:00	frxUSD	scUSD
0x973255d41c0853413572527f45ee5622cd7a2165	0x8bcf8ad9c16f455b54a077f48717c08afa326296	13.57	13	2396.78	11.5863	25/02/14 10:02:00	frxUSD	scUSD
0xfd713ecff6f473827e01d7c8cf50dadda4281262	0x8bcf8ad9c16f455b54a077f48717c08afa326296	13.56	3	11839.38	13.1933	25/04/08 21:04:00	frxUSD	scUSD
0xd064eea34f0697aac62735d0dbf91548a26320f2	0x8bcf8ad9c16f455b54a077f48717c08afa326296	13.56	1	9323.91	3.4639	25/04/09 6:04:00	frxUSD	scUSD
0x88888887c3ebd4a33e34a15db4254c74c75e5d4a	0x1b282d69a54a983714bb6bea8caacb29d4cb45b5	13.38	51	0.00	0.0000	25/03/13 17:03:00	frxUSD	scUSD
0xfe522cab313103d7e37c44b2aca2d4725a5f30b7	0x8bcf8ad9c16f455b54a077f48717c08afa326296	13.27	60	1.44	0.0314	25/03/04 4:03:00	frxUSD	scUSD
0xdbf7b6c8c65254c7af6b877f6b6261e922be91ec	0x1b282d69a54a983714bb6bea8caacb29d4cb45b5	13.04	6	25845.80	55.3843	25/02/15 2:02:00	frxUSD	scUSD
0x53647b056d057606146efaddfe35056ffa5f8f68	0x8bcf8ad9c16f455b54a077f48717c08afa326296	13.01	1	67.71	0.0241	25/04/09 6:04:00	frxUSD	scUSD
0xba50c66c30b06ef0cb308a62f80ebc86b0634f46	0x8bcf8ad9c16f455b54a077f48717c08afa326296	12.94	62	323.66	7.0756	25/03/02 10:03:00	frxUSD	scUSD
0x4fc19eea0e0b5ea7607a4527c1e7dd1b1fdbe3aa	0x1b282d69a54a983714bb6bea8caacb29d4cb45b5	12.93	2	769.20	0.5451	25/02/17 19:02:00	frxUSD	scUSD
0x5d59e145f6f0bf51151083f44ef60f691391f1cd	0x8bcf8ad9c16f455b54a077f48717c08afa326296	12.69	42	2599.24	37.9555	25/03/20 7:03:00	frxUSD	scUSD
0xcbcc3d5389906c1f03535f539a93267e30cf9823	0x1b282d69a54a983714bb6bea8caacb29d4cb45b5	12.69	1	3615.82	1.2567	25/02/17 0:02:00	frxUSD	scUSD
0x83943a422b5ec0be815ca5c9adc4a39a00097920	0x1b282d69a54a983714bb6bea8caacb29d4cb45b5	12.61	78	4.00	0.1071	25/02/14 14:02:00	frxUSD	scUSD
0x3bc92a01f6b7cb52ca1bb18078b0e72c97b898c0	0x1b282d69a54a983714bb6bea8caacb29d4cb45b5	12.47	21	151.65	1.0881	25/03/25 9:03:00	frxUSD	scUSD
0x99b6a44fa3d3e0d3f33464ffac5710f31c3db580	0x8bcf8ad9c16f455b54a077f48717c08afa326296	12.29	13	1073.73	4.6991	25/02/14 15:02:00	frxUSD	scUSD
0x36be5b13d47b2aea4f80ecbfc9bb367809c688a8	0x8bcf8ad9c16f455b54a077f48717c08afa326296	12.00	2	863.66	0.5680	25/02/18 0:02:00	frxUSD	scUSD
0x69a56ef48772839008f0024e001b750f7eff3d45	0x8bcf8ad9c16f455b54a077f48717c08afa326296	11.99	4	64.20	0.0843	25/02/17 0:02:00	frxUSD	scUSD
0xe261b8f29db610a48b3d95add16a13dd077befd0	0x8bcf8ad9c16f455b54a077f48717c08afa326296	11.98	71	163.72	3.8067	25/02/21 5:02:00	frxUSD	scUSD
0x27b5491b519e72ce52f0dc9ccc9d7dc3d1e7b964	0x1b282d69a54a983714bb6bea8caacb29d4cb45b5	11.68	77	995.52	24.2371	25/02/15 23:02:00	frxUSD	scUSD
0x66ef68dae8c5417366311b3e3dc0b426ba16ca13	0x1b282d69a54a983714bb6bea8caacb29d4cb45b5	11.60	18	318.51	1.8214	25/02/14 18:02:00	frxUSD	scUSD
0x94da80bea0b846e8d029a72c791f5c4a6ac5b023	0x1b282d69a54a983714bb6bea8caacb29d4cb45b5	11.49	76	2.78	0.0657	25/02/16 23:02:00	frxUSD	scUSD
0x1eea48d8c225063bede40e4b511edc9d600d42c9	0x1b282d69a54a983714bb6bea8caacb29d4cb45b5	11.36	69	34.31	0.7326	25/02/23 11:02:00	frxUSD	scUSD
0xffcf88f306a794cadd44675a1da50a5842f0ec2e	0x1b282d69a54a983714bb6bea8caacb29d4cb45b5	11.35	71	0.00	0.0000	25/02/22 0:02:00	frxUSD	scUSD
0x8b6bbe943259e12885529e4d340a0a5822f8d337	0x1b282d69a54a983714bb6bea8caacb29d4cb45b5	11.31	74	100.39	2.2897	25/02/18 11:02:00	frxUSD	scUSD
0xa9e9e0414d52658515eb9db6dcdc6055396a031a	0x8bcf8ad9c16f455b54a077f48717c08afa326296	11.25	13	4512.89	18.0753	25/02/14 21:02:00	frxUSD	scUSD
0x0704662f8bddd35199e315efbe8514d76e499d25	0x1b282d69a54a983714bb6bea8caacb29d4cb45b5	11.22	73	100.19	2.2193	25/02/20 1:02:00	frxUSD	scUSD
0x697b260e66f8a033d15a4332a2d6b0da996a8710	0x8bcf8ad9c16f455b54a077f48717c08afa326296	11.20	8	2119.49	5.2045	25/02/15 23:02:00	frxUSD	scUSD
0x075267ffca613e8a86cb8eca03655281a0e2137b	0x8bcf8ad9c16f455b54a077f48717c08afa326296	11.09	4	370.25	0.4501	25/02/17 21:02:00	frxUSD	scUSD
0xcc112a107abe98901b9efd9ac4880a143df48083	0x8bcf8ad9c16f455b54a077f48717c08afa326296	11.09	30	5957.56	54.2911	25/03/27 14:03:00	frxUSD	scUSD
0x8c2fed2714a5c4c5cd0b61615de0f457dc5f788d	0x8bcf8ad9c16f455b54a077f48717c08afa326296	10.91	1	794.68	0.2376	25/02/18 19:02:00	frxUSD	scUSD
0x16c7cd062a720ffcadfa4f1f218af1fb5d7f9963	0x8bcf8ad9c16f455b54a077f48717c08afa326296	10.86	8	217.11	0.5166	25/02/16 5:02:00	frxUSD	scUSD
0xa14010166d72ff3cc101c29e95d12adb06146475	0x1b282d69a54a983714bb6bea8caacb29d4cb45b5	10.81	20	10306.64	61.0227	25/02/14 18:02:00	frxUSD	scUSD
0x93ae6eef133a1097167a15f585eacf1ddf89151e	0x1b282d69a54a983714bb6bea8caacb29d4cb45b5	10.80	9	4157.69	11.0712	25/02/16 1:02:00	frxUSD	scUSD
0x68685789852f46d600472357271b581a7923321f	0x8bcf8ad9c16f455b54a077f48717c08afa326296	10.76	16	13565.20	62.7984	25/04/17 9:04:00	frxUSD	scUSD
0x1c96554bfc81c329361c0918f6f8985ae28acdfd	0x1b282d69a54a983714bb6bea8caacb29d4cb45b5	10.75	77	17886.10	401.0420	25/02/15 22:02:00	frxUSD	scUSD
0x392a8341857bbb0d54187b32f250142066b74c75	0x8bcf8ad9c16f455b54a077f48717c08afa326296	10.74	16	20014.00	92.3497	25/04/17 10:04:00	frxUSD	scUSD
0xd3017943cd7fe1d7d3ee9bad909d182639f95ed0	0x8bcf8ad9c16f455b54a077f48717c08afa326296	10.61	59	9999.00	171.4673	25/02/23 18:02:00	frxUSD	scUSD
0xf5e7e15c6d11bac90579aaca28f597789b0b13b2	0x8bcf8ad9c16f455b54a077f48717c08afa326296	10.60	19	1997.31	11.0253	25/02/13 18:02:00	frxUSD	scUSD
0x4a4bd2217354aff4ffe001d65bdf024ae51c1438	0x1b282d69a54a983714bb6bea8caacb29d4cb45b5	10.58	14	204.86	0.8316	25/02/15 16:02:00	frxUSD	scUSD
0xc929fd701a001518daefaf870a40e8bdc4e3766d	0x1b282d69a54a983714bb6bea8caacb29d4cb45b5	10.47	4	78.39	0.0900	25/02/18 7:02:00	frxUSD	scUSD
0xd4791a4a0b17a344c189c99884d2a6165197eeb3	0x1b282d69a54a983714bb6bea8caacb29d4cb45b5	10.46	1	212.12	0.0608	25/02/16 2:02:00	frxUSD	scUSD
0xafe350c76d31b73b5901eaccb86f2834c5ec0a3b	0x8bcf8ad9c16f455b54a077f48717c08afa326296	10.41	1	5000.26	1.4257	25/02/17 5:02:00	frxUSD	scUSD
0x1b648ade1ef219c87987cd60eba069a7faf1621f	0x1b282d69a54a983714bb6bea8caacb29d4cb45b5	10.31	78	0.00	0.0000	25/02/14 21:02:00	frxUSD	scUSD
0x4aa63e8115c5b29a3e0e062a77c11592931453dc	0x1b282d69a54a983714bb6bea8caacb29d4cb45b5	10.26	12	11078.72	37.3817	25/02/16 10:02:00	frxUSD	scUSD
0x4aa63e8115c5b29a3e0e062a77c11592931453dc	0x8bcf8ad9c16f455b54a077f48717c08afa326296	10.11	12	6310.93	20.9779	25/02/15 16:02:00	frxUSD	scUSD
0xe9c0df9bd4607850d410c957fec11ec209de5ef6	0x8bcf8ad9c16f455b54a077f48717c08afa326296	10.09	13	17407.15	62.5683	25/02/14 21:02:00	frxUSD	scUSD
0xbca4d68be543dcefb1a8bccb519503f9ba3f2026	0x1b282d69a54a983714bb6bea8caacb29d4cb45b5	9.98	13	62180.34	220.9700	25/02/14 13:02:00	frxUSD	scUSD
0x10e6bdbef34d5279e729142a19b0bce07813b6a8	0x8bcf8ad9c16f455b54a077f48717c08afa326296	9.97	64	11856.00	207.2264	25/02/18 21:02:00	frxUSD	scUSD
0xafa4ecdad61790261ea7d894dfc38a73214fe52e	0x1b282d69a54a983714bb6bea8caacb29d4cb45b5	9.14	44	502.30	5.5317	25/02/14 20:02:00	frxUSD	scUSD
0x733b2d8e1714860d83cb335f8ca59baea148dde0	0x8bcf8ad9c16f455b54a077f48717c08afa326296	9.12	15	771.18	2.8888	25/02/13 9:02:00	frxUSD	scUSD
0x1572a9bb16a624bd9748c0f365c55935b91aefbf	0x1b282d69a54a983714bb6bea8caacb29d4cb45b5	09.09	19	24900.00	117.8589	25/02/13 23:02:00	frxUSD	scUSD
0xcea011ec00536b2cfb486f295497d91294d49ca3	0x1b282d69a54a983714bb6bea8caacb29d4cb45b5	09.05	16	6.35	0.0252	25/02/16 0:02:00	frxUSD	scUSD
0xf46ccc8c1055b5ebc65d7d3d5c3c95f61131030a	0x1b282d69a54a983714bb6bea8caacb29d4cb45b5	09.01	16	50.05	0.1876	25/04/17 22:04:00	frxUSD	scUSD
0xc929fd701a001518daefaf870a40e8bdc4e3766d	0x8bcf8ad9c16f455b54a077f48717c08afa326296	8.97	4	75.50	0.0742	25/02/18 8:02:00	frxUSD	scUSD
0x1bcf16d2f5efb8333c86118f874f16378b090be0	0x8bcf8ad9c16f455b54a077f48717c08afa326296	8.91	14	6.69	0.0229	25/03/20 11:03:00	frxUSD	scUSD
0xd65e3636adf65790bf8994065880f3a7b9226459	0x8bcf8ad9c16f455b54a077f48717c08afa326296	8.85	12	50000.00	145.4050	25/03/27 13:03:00	frxUSD	scUSD
0x5cd65712bc64439e3eb024e815283a626bbb576b	0x8bcf8ad9c16f455b54a077f48717c08afa326296	8.78	16	70.20	0.2703	25/03/21 7:03:00	frxUSD	scUSD
0x0573349c0d6a5ceee9255050ad04f6aa5855607b	0x1b282d69a54a983714bb6bea8caacb29d4cb45b5	8.78	5	20108.59	24.1874	25/02/18 10:02:00	frxUSD	scUSD
0x7e2400626811b1cae987c41139c39830f4b2ba9a	0x1b282d69a54a983714bb6bea8caacb29d4cb45b5	8.62	39	492.48	4.5354	25/02/15 9:02:00	frxUSD	scUSD
0x2aca189767cecf31087aafc0c50a59a7d83b6376	0x8bcf8ad9c16f455b54a077f48717c08afa326296	8.60	1	199.02	0.0469	25/03/06 12:03:00	frxUSD	scUSD
0xe695cf91811dbc72733e3cc8c6dd679695e0d895	0x8bcf8ad9c16f455b54a077f48717c08afa326296	8.47	12	2734.81	7.6191	25/02/16 15:02:00	frxUSD	scUSD
0x69b235c1c3f16f828b2394193a7abea79ee40c07	0x8bcf8ad9c16f455b54a077f48717c08afa326296	8.46	7	8372.25	13.5835	25/02/13 18:02:00	frxUSD	scUSD
0xaf4c72febccc722a1833b48543dd2eefd660134f	0x1b282d69a54a983714bb6bea8caacb29d4cb45b5	8.46	10	126037.00	292.1240	25/03/24 7:03:00	frxUSD	scUSD
0x1bcf16d2f5efb8333c86118f874f16378b090be0	0x1b282d69a54a983714bb6bea8caacb29d4cb45b5	8.45	14	0.21	0.0007	25/03/20 11:03:00	frxUSD	scUSD
0x593faabb0aa17329fb1b948c1e7e39831fa76da6	0x8bcf8ad9c16f455b54a077f48717c08afa326296	8.43	13	9839.96	29.5461	25/03/20 19:03:00	frxUSD	scUSD
0xdbf7b6c8c65254c7af6b877f6b6261e922be91ec	0x8bcf8ad9c16f455b54a077f48717c08afa326296	8.35	8	55402.38	101.4363	25/02/13 21:02:00	frxUSD	scUSD
0xe10c1c23d1ca5338810aeeee847f8f8ee9250100	0x8bcf8ad9c16f455b54a077f48717c08afa326296	8.32	1	15549.79	3.5429	25/03/06 12:03:00	frxUSD	scUSD
0x6d807c5e94d627281f49afe709b6edd48489b613	0x8bcf8ad9c16f455b54a077f48717c08afa326296	8.30	6	1000.38	1.3644	25/02/18 10:02:00	frxUSD	scUSD
0x1a298d6a96af91b5e2ebae39a5c069415eaf4148	0x1b282d69a54a983714bb6bea8caacb29d4cb45b5	8.30	13	265.15	0.7839	25/02/17 9:02:00	frxUSD	scUSD
0xaa35a4b313efdda0369f499ae4e1702811d6ded3	0x8bcf8ad9c16f455b54a077f48717c08afa326296	8.26	8	50.65	0.0917	25/02/17 19:02:00	frxUSD	scUSD
0x86462590436713cf5292ae561ebaa94f75cd6e07	0x1b282d69a54a983714bb6bea8caacb29d4cb45b5	8.16	7	14318.42	22.3975	25/02/15 0:02:00	frxUSD	scUSD
0x82b70c1545b308d7060cc479d197baf2f1590305	0x1b282d69a54a983714bb6bea8caacb29d4cb45b5	8.15	12	21018.00	56.3287	25/03/22 19:03:00	frxUSD	scUSD
0x0d83936382408605faa81c7249d4696cddca7a49	0x1b282d69a54a983714bb6bea8caacb29d4cb45b5	7.97	25	245805.86	1341.6664	25/03/13 19:03:00	frxUSD	scUSD
0xaa63ed455c421b4350f2a3e811ba7817bc18829a	0x1b282d69a54a983714bb6bea8caacb29d4cb45b5	7.95	10	501.26	1.0921	25/02/15 22:02:00	frxUSD	scUSD
0xf28a43db34ff9292bee72559db766228828de059	0x1b282d69a54a983714bb6bea8caacb29d4cb45b5	7.85	31	10038.14	66.9082	25/03/06 1:03:00	frxUSD	scUSD
0xa05e21550eb86462388783047da318d2de20bbda	0x1b282d69a54a983714bb6bea8caacb29d4cb45b5	7.81	2	2072.08	0.8867	25/02/20 19:02:00	frxUSD	scUSD
0x3f888f4e16a08c6b3745ddbade98e24569852fa4	0x1b282d69a54a983714bb6bea8caacb29d4cb45b5	7.76	5	67.28	0.0715	25/03/25 6:03:00	frxUSD	scUSD
0x494ef3a368cbcfb38bb5b4446acfc561564ea408	0x1b282d69a54a983714bb6bea8caacb29d4cb45b5	7.71	9	1944.42	3.6951	25/02/17 9:02:00	frxUSD	scUSD
0x6b73f63cf407beb818d011b0f1ea144ffa56fb7b	0x1b282d69a54a983714bb6bea8caacb29d4cb45b5	7.69	51	10756.60	115.4420	25/03/13 3:03:00	frxUSD	scUSD
0x597530c4298984f8b8c644893b6213b1c1f047a3	0x1b282d69a54a983714bb6bea8caacb29d4cb45b5	7.64	48	66470.81	668.1645	25/02/16 8:02:00	frxUSD	scUSD
0x9d1861d9e1b20deec5a3b8d203a44c6e4da8b1a0	0x8bcf8ad9c16f455b54a077f48717c08afa326296	7.57	33	12597.51	86.1663	25/02/13 23:02:00	frxUSD	scUSD
0xeb4a2d2d8e05a97459e4afbf7f4d9053c88a03e7	0x1b282d69a54a983714bb6bea8caacb29d4cb45b5	7.57	2	112.11	0.0465	25/02/19 15:02:00	frxUSD	scUSD
0x6ec2abebf375a39cc9044cdfd4b97b08c01820be	0x1b282d69a54a983714bb6bea8caacb29d4cb45b5	7.54	48	5014.48	49.7469	25/02/17 13:02:00	frxUSD	scUSD
0x08dba7dfe06b7118d17837d2569196090cc712b8	0x8bcf8ad9c16f455b54a077f48717c08afa326296	7.53	32	50.58	0.3338	25/02/16 17:02:00	frxUSD	scUSD
0x52980733727fa2a79030331fecad99a7a3e5c5b3	0x8bcf8ad9c16f455b54a077f48717c08afa326296	7.52	65	16.36	0.2164	25/02/27 22:02:00	frxUSD	scUSD
0x47f2d21dd1c77030a4f34f6a0447ae44f13e9073	0x8bcf8ad9c16f455b54a077f48717c08afa326296	7.48	45	460.18	4.2442	25/02/18 19:02:00	frxUSD	scUSD
0x046ab1a1adc63a9cc81a4db68f7a7623ad1ab092	0x1b282d69a54a983714bb6bea8caacb29d4cb45b5	7.47	78	0.00	0.0000	25/02/14 21:02:00	frxUSD	scUSD
0x3f341eccd6ea3a4ca1009c1c937ba12ecb8ebc77	0x8bcf8ad9c16f455b54a077f48717c08afa326296	7.44	11	51335.81	115.0756	25/02/17 16:02:00	frxUSD	scUSD
0x927d81b91c41d1961e3a7d24847b95484e60c626	0x8bcf8ad9c16f455b54a077f48717c08afa326296	7.44	7	3200.00	4.5654	25/03/06 12:03:00	frxUSD	scUSD
0xd73c5d65f32f2a90c3a137bd57e294b53d3a2074	0x8bcf8ad9c16f455b54a077f48717c08afa326296	7.43	11	244.29	0.5468	25/02/17 17:02:00	frxUSD	scUSD
0xb97f255b37eef7d47dbe1debbecd1f2ecfc37abe	0x1b282d69a54a983714bb6bea8caacb29d4cb45b5	7.42	8	30254.08	49.2231	25/02/18 18:02:00	frxUSD	scUSD
0x462f21e0dafa85ba0e4ba5c0e5462abfc6e742c4	0x1b282d69a54a983714bb6bea8caacb29d4cb45b5	7.41	10	52.73	0.1070	25/03/13 9:03:00	frxUSD	scUSD
0x00a36bf34c91e0f240b287fa1fb510a0b0479ff9	0x8bcf8ad9c16f455b54a077f48717c08afa326296	7.37	20	9127.25	36.8766	25/03/04 14:03:00	frxUSD	scUSD
0xaee8cdfbe34f12786211f0c7f5f09d6c2565d2d3	0x1b282d69a54a983714bb6bea8caacb29d4cb45b5	7.37	19	241736.22	927.2486	25/03/06 22:03:00	frxUSD	scUSD
0xf29593ac58c78ecc0bf1d0e8b55e819c5b521ae4	0x8bcf8ad9c16f455b54a077f48717c08afa326296	7.34	48	49330.24	476.2950	25/02/21 23:02:00	frxUSD	scUSD
0x0aa77f9523b31fe3b42181a57725604564bae872	0x1b282d69a54a983714bb6bea8caacb29d4cb45b5	7.34	1	80356.86	16.1530	25/03/20 3:03:00	frxUSD	scUSD
0xcd143fe8aab71d0ef3dbcdb3222e13433e1a9e64	0x8bcf8ad9c16f455b54a077f48717c08afa326296	7.27	23	100.18	0.4592	25/02/18 5:02:00	frxUSD	scUSD
0x04261f3a4f4e244b80ed7e3d8b7ff28abd6c4dc9	0x1b282d69a54a983714bb6bea8caacb29d4cb45b5	7.18	40	11782.72	92.7033	25/02/17 1:02:00	frxUSD	scUSD
0x2d88016d3d0a209e0bada929711d5e4999df74d5	0x8bcf8ad9c16f455b54a077f48717c08afa326296	7.17	42	1037.00	8.5533	25/02/19 18:02:00	frxUSD	scUSD
0x59c0d35c292dadac747d9132c474225b2b9026b1	0x1b282d69a54a983714bb6bea8caacb29d4cb45b5	07.07	14	7784.11	21.0986	25/02/18 0:02:00	frxUSD	scUSD
0x2b164c5dc6fc03ab19a5f789a9ee2403d20082f3	0x1b282d69a54a983714bb6bea8caacb29d4cb45b5	07.05	12	251196.37	582.1868	25/03/27 14:03:00	frxUSD	scUSD
0x4a4cff9e08aa54a138b58d34b9b24b94a0a0a310	0x1b282d69a54a983714bb6bea8caacb29d4cb45b5	6.99	77	3034.49	44.4369	25/02/15 15:02:00	frxUSD	scUSD
0x7f7f6c971c5a12b3c45aadc2b3af956daf4e46ea	0x1b282d69a54a983714bb6bea8caacb29d4cb45b5	6.96	65	19.61	0.2398	25/02/27 21:02:00	frxUSD	scUSD
0x1acfbd88adc974b0b7a36005947335ecf3965c60	0x1b282d69a54a983714bb6bea8caacb29d4cb45b5	6.89	1	1239.88	0.2339	25/02/19 8:02:00	frxUSD	scUSD
0x8a6eeb9b64eeba8d3b4404bf67a7c262c555e25b	0x8bcf8ad9c16f455b54a077f48717c08afa326296	6.85	30	1000.46	5.6334	25/02/17 22:02:00	frxUSD	scUSD
0x25a1a8afd614558f8419adec58fbb29e96a278c9	0x8bcf8ad9c16f455b54a077f48717c08afa326296	6.81	22	113243.35	464.6974	25/02/18 10:02:00	frxUSD	scUSD
0xc164111d12ded6a9dd5d6c532727bd5c10cd89dd	0x8bcf8ad9c16f455b54a077f48717c08afa326296	6.71	5	42.49	0.0391	25/02/19 13:02:00	frxUSD	scUSD
0x1a59ac0aed5340119cc6c6ca588062b1c68df685	0x8bcf8ad9c16f455b54a077f48717c08afa326296	6.70	8	424.71	0.6238	25/03/06 11:03:00	frxUSD	scUSD
0x2b83ac024b0a4ba3f93776cacb61d98310614afe	0x1b282d69a54a983714bb6bea8caacb29d4cb45b5	6.70	34	1000.00	6.2387	25/02/23 4:02:00	frxUSD	scUSD
0x67f0c9595c6109d3f7b116a02b51b2f9950ebf5b	0x8bcf8ad9c16f455b54a077f48717c08afa326296	6.68	5	74.70	0.0683	25/02/19 20:02:00	frxUSD	scUSD
0x0d83936382408605faa81c7249d4696cddca7a49	0x8bcf8ad9c16f455b54a077f48717c08afa326296	6.65	7	244825.40	312.2745	25/03/06 22:03:00	frxUSD	scUSD
0xb984762d646e5bef5556d466f4483c713a58546b	0x8bcf8ad9c16f455b54a077f48717c08afa326296	6.63	7	239690.54	304.7028	25/03/06 22:03:00	frxUSD	scUSD
0xc9077b4b4caf99e8fcafdd282bf732e5afdf0322	0x8bcf8ad9c16f455b54a077f48717c08afa326296	6.52	7	118786.59	148.5793	25/03/07 1:03:00	frxUSD	scUSD
0x456d4194781bda64b20dfa1b9b0a641a6f1ea8e0	0x8bcf8ad9c16f455b54a077f48717c08afa326296	6.50	7	10.82	0.0135	25/02/20 3:02:00	frxUSD	scUSD
0x66c0d9152209b51977047b9dc3b0b5bf2339b67c	0x1b282d69a54a983714bb6bea8caacb29d4cb45b5	6.50	22	3884.24	15.2237	25/02/18 12:02:00	frxUSD	scUSD
0x7e2cdffbd341e2a69d5ac3a1d39273937275d5d2	0x1b282d69a54a983714bb6bea8caacb29d4cb45b5	6.49	48	1104.48	9.4326	25/02/19 6:02:00	frxUSD	scUSD
0xb0640e7dd1dbb144928dfce54253aa47c8f11960	0x8bcf8ad9c16f455b54a077f48717c08afa326296	6.47	8	92428.72	131.0145	25/03/06 13:03:00	frxUSD	scUSD
0xde2b06fa758b72d40ccdaaae3d75ad6a6165110c	0x8bcf8ad9c16f455b54a077f48717c08afa326296	6.44	9	1003.47	1.5931	25/02/19 6:02:00	frxUSD	scUSD
0x28107ec1526caec0d8745182ab3d53ca961b0a78	0x8bcf8ad9c16f455b54a077f48717c08afa326296	6.44	8	126808.57	179.0758	25/03/06 13:03:00	frxUSD	scUSD
0x75c108df63381e5b2fae62d610d79a8915911aa8	0x1b282d69a54a983714bb6bea8caacb29d4cb45b5	6.41	10	17279.15	30.3685	25/02/19 6:02:00	frxUSD	scUSD
0x70af2e1240d4b465ba9eb7985c36a6dbefcae84c	0x1b282d69a54a983714bb6bea8caacb29d4cb45b5	6.36	22	2504.14	9.6011	25/03/13 3:03:00	frxUSD	scUSD
0x4b2c88573f8f2baee29d5a1b68651afc868475a0	0x8bcf8ad9c16f455b54a077f48717c08afa326296	6.29	4	605.34	0.4176	25/02/20 20:02:00	frxUSD	scUSD
0x8fc27ad7fca175ee10e425f45e05bbc8b1f9309f	0x8bcf8ad9c16f455b54a077f48717c08afa326296	6.23	6	4998.49	5.1178	25/03/08 5:03:00	frxUSD	scUSD
0xcc7c7b4fc3d37d868d1dddf6688013e824360090	0x1b282d69a54a983714bb6bea8caacb29d4cb45b5	6.16	18	367451.63	1115.8733	25/03/20 14:03:00	frxUSD	scUSD
0x184e1b79ae0e0d6f9e6a365647eb2d4e45282574	0x1b282d69a54a983714bb6bea8caacb29d4cb45b5	6.12	32	291810.62	1564.8745	25/03/07 0:03:00	frxUSD	scUSD
0xe9c0df9bd4607850d410c957fec11ec209de5ef6	0x1b282d69a54a983714bb6bea8caacb29d4cb45b5	06.07	20	15611.98	51.9560	25/02/14 21:02:00	frxUSD	scUSD
0x9d9c2d013f85f61badbd209c58eafb83b6e130a9	0x1b282d69a54a983714bb6bea8caacb29d4cb45b5	06.07	9	61657.36	92.2755	25/02/20 3:02:00	frxUSD	scUSD
0xa14010166d72ff3cc101c29e95d12adb06146475	0x8bcf8ad9c16f455b54a077f48717c08afa326296	06.06	9	944.57	1.4119	25/02/19 11:02:00	frxUSD	scUSD
0xd46c81245a0582891c2249daf2d68925977cf2a7	0x8bcf8ad9c16f455b54a077f48717c08afa326296	06.03	24	15563.46	61.6832	25/02/20 9:02:00	frxUSD	scUSD
0x60763bf63663db4e79f5c707da1296bf7fdaf0a1	0x8bcf8ad9c16f455b54a077f48717c08afa326296	5.99	3	600.00	0.2956	25/02/22 22:02:00	frxUSD	scUSD
0x0c8ac71c2052366593f695ebcaa409bd3039c0f4	0x1b282d69a54a983714bb6bea8caacb29d4cb45b5	5.97	38	4447.33	27.6363	25/02/18 23:02:00	frxUSD	scUSD
0x1fe54ea805b9629a7db191d546dd48392ebe2aa7	0x8bcf8ad9c16f455b54a077f48717c08afa326296	5.73	2	8.41	0.0026	25/03/06 11:03:00	frxUSD	scUSD
0x08217911346c2b7bb576afed78cec1b1fffffe17	0x8bcf8ad9c16f455b54a077f48717c08afa326296	5.72	15	5203.64	12.2382	25/02/14 10:02:00	frxUSD	scUSD
0x7a16ee852b2a633c0f30dbbc1d0316974f129bdd	0x1b282d69a54a983714bb6bea8caacb29d4cb45b5	5.69	5	195.74	0.1527	25/02/22 22:02:00	frxUSD	scUSD
0xe25a2931d09644cd735beded2ca265ca04c90ff1	0x8bcf8ad9c16f455b54a077f48717c08afa326296	5.67	16	96636.71	240.1459	25/03/20 23:03:00	frxUSD	scUSD
0x20aa2e39a83225c5d5b16675be3c542bf7951004	0x1b282d69a54a983714bb6bea8caacb29d4cb45b5	5.60	17	27125.81	70.7146	25/02/21 6:02:00	frxUSD	scUSD
0xe4f0e15f906d40b8c260320d57d091f349d82a3b	0x1b282d69a54a983714bb6bea8caacb29d4cb45b5	5.40	13	143585.29	276.0156	25/02/20 3:02:00	frxUSD	scUSD
0xe4f0e15f906d40b8c260320d57d091f349d82a3b	0x8bcf8ad9c16f455b54a077f48717c08afa326296	5.36	9	143456.49	189.7623	25/02/20 3:02:00	frxUSD	scUSD
0x86c9f1392c5c7f7bbcb7ae8f4659266de4eea030	0x8bcf8ad9c16f455b54a077f48717c08afa326296	5.32	9	80033.39	105.0202	25/02/20 3:02:00	frxUSD	scUSD
0x79c51606e4335d13d179eeb5bacf3e702748e8d7	0x1b282d69a54a983714bb6bea8caacb29d4cb45b5	5.27	17	83325.57	204.4247	25/03/20 23:03:00	frxUSD	scUSD
0xd63295c755f84fcd57663ea2e2f9e6fee1830139	0x1b282d69a54a983714bb6bea8caacb29d4cb45b5	5.26	29	26657.10	111.3210	25/02/18 12:02:00	frxUSD	scUSD
0x9d0214c3db28875fe2b9eb9cd9d4f71e7817890a	0x1b282d69a54a983714bb6bea8caacb29d4cb45b5	5.25	1	69788.82	10.0388	25/02/20 22:02:00	frxUSD	scUSD
0xbca4d68be543dcefb1a8bccb519503f9ba3f2026	0x8bcf8ad9c16f455b54a077f48717c08afa326296	5.23	9	121294.70	156.3774	25/02/15 7:02:00	frxUSD	scUSD
0xc174421d6e28ea2e5be9cdeb07db08bd6e36d7a9	0x8bcf8ad9c16f455b54a077f48717c08afa326296	5.22	55	554.27	4.3630	25/02/22 14:02:00	frxUSD	scUSD
0xa7cf13f3c1e02196d308a9b59f2fddb104e0baf7	0x8bcf8ad9c16f455b54a077f48717c08afa326296	5.15	1	7841.86	1.1065	25/02/18 19:02:00	frxUSD	scUSD
0x1a9d043bb12e1aa899b93d21e13e3648441bac70	0x8bcf8ad9c16f455b54a077f48717c08afa326296	05.08	8	129329.10	144.1100	25/02/21 1:02:00	frxUSD	scUSD
0xd1fc4d61af7c06babd24d36558808651d7c3104b	0x8bcf8ad9c16f455b54a077f48717c08afa326296	05.07	3	14.56	0.0061	25/02/23 5:02:00	frxUSD	scUSD
0x1a9d043bb12e1aa899b93d21e13e3648441bac70	0x1b282d69a54a983714bb6bea8caacb29d4cb45b5	05.05	12	90278.67	149.9226	25/02/21 1:02:00	frxUSD	scUSD
0x703fe82c8f07175319555617e66a5d02d5de939b	0x1b282d69a54a983714bb6bea8caacb29d4cb45b5	05.04	14	172812.67	334.1976	25/02/20 23:02:00	frxUSD	scUSD
0x28107ec1526caec0d8745182ab3d53ca961b0a78	0x1b282d69a54a983714bb6bea8caacb29d4cb45b5	05.04	14	328035.77	634.5667	25/02/20 23:02:00	frxUSD	scUSD
0xe955f8eed3321f8431f2924c65824f1910eb0638	0x1b282d69a54a983714bb6bea8caacb29d4cb45b5	4.94	3	7390.25	3.2002	25/02/24 19:02:00	frxUSD	scUSD
0xc4184f95e57ef2fca9b1556eb4db84976596cf24	0x8bcf8ad9c16f455b54a077f48717c08afa326296	4.88	9	1288.30	1.5513	25/02/21 2:02:00	frxUSD	scUSD
0x761c4bb545fc09e2b7ee091810cdc4428c843074	0x1b282d69a54a983714bb6bea8caacb29d4cb45b5	4.88	20	452.91	1.2109	25/02/28 17:02:00	frxUSD	scUSD
0xcc7c7b4fc3d37d868d1dddf6688013e824360090	0x8bcf8ad9c16f455b54a077f48717c08afa326296	4.77	1	113563.48	14.8441	25/04/06 21:04:00	frxUSD	scUSD
0x2ec4c6e8dca692b7cd435658777fab1f9c25d4a9	0x1b282d69a54a983714bb6bea8caacb29d4cb45b5	4.74	18	2403.45	5.6236	25/02/24 2:02:00	frxUSD	scUSD
0x0c48651a250889cfc48ff885d09cdeb480b13dc5	0x1b282d69a54a983714bb6bea8caacb29d4cb45b5	4.73	4	50000.00	25.9352	25/02/24 17:02:00	frxUSD	scUSD
0xffae19561c038747c5c9f79f7777c29f28c4b4ad	0x1b282d69a54a983714bb6bea8caacb29d4cb45b5	4.68	20	121718.66	312.4134	25/02/15 22:02:00	frxUSD	scUSD
0x1e4abc3c79b0b581bda63c2ee0945baa874a6360	0x8bcf8ad9c16f455b54a077f48717c08afa326296	4.49	9	15875.02	17.5903	25/02/23 2:02:00	frxUSD	scUSD
0x8ccfcfa7e6133e0875192974d0d857fb7a28375e	0x1b282d69a54a983714bb6bea8caacb29d4cb45b5	4.44	5	100.00	0.0608	25/02/24 0:02:00	frxUSD	scUSD
0x8ad37552ac456e36a43251fc284e5a8298131499	0x8bcf8ad9c16f455b54a077f48717c08afa326296	4.23	12	69181.95	96.2177	25/02/16 2:02:00	frxUSD	scUSD
0xad4d57d5a50d640837ab4709807ade23fca5d1a9	0x8bcf8ad9c16f455b54a077f48717c08afa326296	4.19	4	433.40	0.1988	25/02/20 21:02:00	frxUSD	scUSD
0x9ec823021f2d4e83f6d67b66e053376513fb6832	0x1b282d69a54a983714bb6bea8caacb29d4cb45b5	4.17	21	1911.20	4.4688	25/04/12 15:04:00	frxUSD	scUSD
0xe590ed9ff751f56b04af1355cbe3dca62e5691cf	0x8bcf8ad9c16f455b54a077f48717c08afa326296	4.14	7	6242.51	4.9565	25/03/06 17:03:00	frxUSD	scUSD
0x0f1ff2019f5a0fbd27ca9a4b8dc5ca195d45a0d9	0x1b282d69a54a983714bb6bea8caacb29d4cb45b5	4.12	9	44561.10	45.2182	25/02/14 11:02:00	frxUSD	scUSD
0x85a5e57aeedc3db93c29d8f57e07af8ab69f3f1d	0x8bcf8ad9c16f455b54a077f48717c08afa326296	04.06	3	113.00	0.0377	25/02/18 21:02:00	frxUSD	scUSD
0xdf956a590cf6b9cdfafa83965155de884915ede2	0x8bcf8ad9c16f455b54a077f48717c08afa326296	04.03	1	4601.80	0.5085	25/02/23 21:02:00	frxUSD	scUSD
0x1acfbd88adc974b0b7a36005947335ecf3965c60	0x8bcf8ad9c16f455b54a077f48717c08afa326296	04.01	4	3485.61	1.5322	25/02/16 11:02:00	frxUSD	scUSD
0xd647164756c5b20489f39df7653d915a77d2dce9	0x1b282d69a54a983714bb6bea8caacb29d4cb45b5	3.95	7	133931.00	101.3859	25/02/21 15:02:00	frxUSD	scUSD
0x449668c90f76e48824aac9d08b89a1829966da02	0x8bcf8ad9c16f455b54a077f48717c08afa326296	3.91	3	30.34	0.0098	25/03/02 7:03:00	frxUSD	scUSD
0x8fc197172906cf30dae5104b8b7dd2e05ec175f8	0x8bcf8ad9c16f455b54a077f48717c08afa326296	3.91	2	13318.86	2.8553	25/03/08 21:03:00	frxUSD	scUSD
0xcea5b295cd1a7e22e3a427a26d8d646c37a15325	0x1b282d69a54a983714bb6bea8caacb29d4cb45b5	3.73	7	180447.95	129.1448	25/02/25 21:02:00	frxUSD	scUSD
0xf86b92a7508958fa1b9a7e600aee33ab7bf8664a	0x8bcf8ad9c16f455b54a077f48717c08afa326296	3.69	4	100.00	0.0404	25/04/11 2:04:00	frxUSD	scUSD
0x78815067c3926cc33f7790d87460bec779f42d4d	0x1b282d69a54a983714bb6bea8caacb29d4cb45b5	3.65	73	1026.17	7.4465	25/02/19 11:02:00	frxUSD	scUSD
0x4d57bd9df1c1f26c95b56873523d222333f15e0d	0x8bcf8ad9c16f455b54a077f48717c08afa326296	3.63	4	2.32	0.0009	25/03/28 5:03:00	frxUSD	scUSD
0x7788ea4ce2b1eac4d6e25790bfe6d3d537cce53a	0x1b282d69a54a983714bb6bea8caacb29d4cb45b5	3.62	6	4579.91	2.7266	25/02/15 2:02:00	frxUSD	scUSD
0x35e39b05ad4080a18a893d2b2737060ee313d80a	0x8bcf8ad9c16f455b54a077f48717c08afa326296	3.58	1	34659.99	3.3995	25/03/06 14:03:00	frxUSD	scUSD
0x0aa77f9523b31fe3b42181a57725604564bae872	0x8bcf8ad9c16f455b54a077f48717c08afa326296	3.54	5	239759.50	116.3659	25/03/20 3:03:00	frxUSD	scUSD
0x97006db48f27a1312bbed5e96de146a97a78e396	0x8bcf8ad9c16f455b54a077f48717c08afa326296	3.52	2	4713.43	0.9103	25/02/21 18:02:00	frxUSD	scUSD
0xeee57da75341fe4a8bf4b81aa7bfba58c28c588b	0x8bcf8ad9c16f455b54a077f48717c08afa326296	3.43	24	145.94	0.3271	25/04/09 6:04:00	frxUSD	scUSD
0xf29593ac58c78ecc0bf1d0e8b55e819c5b521ae4	0x1b282d69a54a983714bb6bea8caacb29d4cb45b5	3.43	73	3917.42	26.8802	25/02/19 9:02:00	frxUSD	scUSD
0xd1fc4d61af7c06babd24d36558808651d7c3104b	0x1b282d69a54a983714bb6bea8caacb29d4cb45b5	3.28	2	17.58	0.0032	25/02/24 14:02:00	frxUSD	scUSD
0xf1bc5de15f4b56d9db4b3e6682832547d72844de	0x1b282d69a54a983714bb6bea8caacb29d4cb45b5	3.18	1	0.92	0.0001	25/03/06 8:03:00	frxUSD	scUSD
0x8a6a3fe565451f72876d88ba55c6152bbb0c1836	0x8bcf8ad9c16f455b54a077f48717c08afa326296	3.12	29	12493.07	31.0110	25/02/21 17:02:00	frxUSD	scUSD
0xffcfa5f7b994aeb4c6931e0a6cd95d8984e038ce	0x8bcf8ad9c16f455b54a077f48717c08afa326296	3.11	6	37.00	0.0189	25/02/25 23:02:00	frxUSD	scUSD
0x8a6a3fe565451f72876d88ba55c6152bbb0c1836	0x1b282d69a54a983714bb6bea8caacb29d4cb45b5	03.06	8	14449.13	9.6858	25/02/19 19:02:00	frxUSD	scUSD
0xcea5b295cd1a7e22e3a427a26d8d646c37a15325	0x8bcf8ad9c16f455b54a077f48717c08afa326296	03.01	3	59814.09	14.7806	25/02/25 21:02:00	frxUSD	scUSD
0x60e225bebb6ebcd82c73ee039f328a4f5c20119b	0x8bcf8ad9c16f455b54a077f48717c08afa326296	03.01	1	15.30	0.0013	25/03/31 14:03:00	frxUSD	scUSD
0xb488885afc5a3e1055e598d40a60e3350fef602e	0x8bcf8ad9c16f455b54a077f48717c08afa326296	2.98	1	901.53	0.0736	25/04/28 15:04:00	frxUSD	scUSD
0xca9b4399de91a9cf9c29b7ed04c6fa4915ad9173	0x8bcf8ad9c16f455b54a077f48717c08afa326296	2.88	33	248099.24	645.0177	25/03/06 13:03:00	frxUSD	scUSD
0xf315c8bb04b07f5d8f39ef5a7d6c783518bf0988	0x8bcf8ad9c16f455b54a077f48717c08afa326296	2.78	2	100.04	0.0153	25/02/19 20:02:00	frxUSD	scUSD
0x235a3a8ee3511efb71262e657880a4f7eb3f2600	0x8bcf8ad9c16f455b54a077f48717c08afa326296	2.72	41	750.22	2.2962	25/03/06 18:03:00	frxUSD	scUSD
0xb4427e29283f9dd0430c4fdf094795768f5158ca	0x1b282d69a54a983714bb6bea8caacb29d4cb45b5	2.69	5	4167.42	1.5329	25/02/22 16:02:00	frxUSD	scUSD
0x4386a86277a03ff37188416767ad74e4381b226c	0x8bcf8ad9c16f455b54a077f48717c08afa326296	2.60	6	238.07	0.1018	25/02/21 1:02:00	frxUSD	scUSD
0xa3dfd63d59cf2458b387cdcf94ff2fb7b3c159fa	0x1b282d69a54a983714bb6bea8caacb29d4cb45b5	2.51	6	60820.03	25.1412	25/02/22 21:02:00	frxUSD	scUSD
0x210c09b2390ee03ee86dd8bb736bda2f31aab57f	0x1b282d69a54a983714bb6bea8caacb29d4cb45b5	2.45	77	906.49	4.6390	25/02/15 23:02:00	frxUSD	scUSD
0x6ee83d1dff95729e452248051200f2fd3a1b3b24	0x1b282d69a54a983714bb6bea8caacb29d4cb45b5	2.45	13	4750.16	4.1510	25/03/20 6:03:00	frxUSD	scUSD
0xb7e29a95195ba0687c7cace649fbf67780903026	0x8bcf8ad9c16f455b54a077f48717c08afa326296	2.36	2	500.00	0.0646	25/02/19 20:02:00	frxUSD	scUSD
0xbae9b8714de1c8b4c147894de2db87ed3a1a622f	0x8bcf8ad9c16f455b54a077f48717c08afa326296	2.34	3	18012.10	3.3534	25/04/30 4:04:00	frxUSD	scUSD
0x16ef04260ca959c75bd8d4247874517c9cf74d12	0x1b282d69a54a983714bb6bea8caacb29d4cb45b5	2.29	22	25645.24	35.3567	25/02/20 15:02:00	frxUSD	scUSD
0xbf4456c5d6eff4b5f0aefa5372f13216af0285d9	0x8bcf8ad9c16f455b54a077f48717c08afa326296	2.28	22	159632.97	219.5327	25/02/20 3:02:00	frxUSD	scUSD
0xca9b4399de91a9cf9c29b7ed04c6fa4915ad9173	0x1b282d69a54a983714bb6bea8caacb29d4cb45b5	2.24	26	377904.97	604.2372	25/02/22 16:02:00	frxUSD	scUSD
0x3021338c74f10cef1ece6404ac1498c2559f7a5c	0x8bcf8ad9c16f455b54a077f48717c08afa326296	2.22	58	2306.81	8.1081	25/03/06 9:03:00	frxUSD	scUSD
0x703fe82c8f07175319555617e66a5d02d5de939b	0x8bcf8ad9c16f455b54a077f48717c08afa326296	2.20	21	181881.55	230.2863	25/02/20 23:02:00	frxUSD	scUSD
0x186b12ceaf08fde22e32647fcc800e45876f5bd0	0x8bcf8ad9c16f455b54a077f48717c08afa326296	2.18	74	499.78	2.2066	25/02/18 5:02:00	frxUSD	scUSD
0x96e3e323966713a1f56dbb5d5bfabb28b2e4b428	0x8bcf8ad9c16f455b54a077f48717c08afa326296	2.16	3	32801.33	5.8319	25/02/26 5:02:00	frxUSD	scUSD
0x1ecdd9c3f1e6772112078ae155a3557e72600f3b	0x8bcf8ad9c16f455b54a077f48717c08afa326296	2.14	31	20218.97	36.7996	25/02/15 11:02:00	frxUSD	scUSD
0xe3be6ab2f9c45d9854c1365e0edee84665199b01	0x8bcf8ad9c16f455b54a077f48717c08afa326296	02.08	4	964.17	0.2193	25/02/16 1:02:00	frxUSD	scUSD
0xaf02f27abf8337fe8c78e9dd22ab85b4661ff50d	0x8bcf8ad9c16f455b54a077f48717c08afa326296	1.99	19	440855.57	457.7456	25/04/10 15:04:00	frxUSD	scUSD
0xc3533ffeb9386dc0c2bffaece7e15a6c40b9636a	0x8bcf8ad9c16f455b54a077f48717c08afa326296	1.89	17	108.77	0.0903	25/04/17 2:04:00	frxUSD	scUSD
0x43ed156d2204424db395d5d1ac5b73c33373ed20	0x8bcf8ad9c16f455b54a077f48717c08afa326296	1.89	10	1168.46	0.6054	25/03/31 23:03:00	frxUSD	scUSD
0x1f6a1480e1b2e11fdddb7773e44753caa0679b84	0x8bcf8ad9c16f455b54a077f48717c08afa326296	1.81	25	337.93	0.4169	25/04/08 6:04:00	frxUSD	scUSD
0xa7cf13f3c1e02196d308a9b59f2fddb104e0baf7	0x1b282d69a54a983714bb6bea8caacb29d4cb45b5	1.81	1	5836.02	0.2901	25/02/17 19:02:00	frxUSD	scUSD
0x0d9ef552fcdcce02b0d8b29152fe70700211354c	0x1b282d69a54a983714bb6bea8caacb29d4cb45b5	1.80	74	430.24	1.5566	25/02/18 18:02:00	frxUSD	scUSD
0x6cc699b6a30dc0d7f4ce57e5d32944ceee44676e	0x1b282d69a54a983714bb6bea8caacb29d4cb45b5	1.80	74	430.25	1.5560	25/02/18 18:02:00	frxUSD	scUSD
0xe9a71041a30aa685d19164561d699a8f33fa0730	0x8bcf8ad9c16f455b54a077f48717c08afa326296	1.74	79	9992.66	37.5578	25/02/13 3:02:00	frxUSD	scUSD
0xa2808d78b4860cc03a10e69683815c1a4cf8c047	0x8bcf8ad9c16f455b54a077f48717c08afa326296	1.72	1	30066.10	1.4182	25/03/06 12:03:00	frxUSD	scUSD
0x0bb2f8c26420bccc4256b1de875185c937304dc2	0x1b282d69a54a983714bb6bea8caacb29d4cb45b5	1.70	30	354625.44	496.7773	25/02/23 14:02:00	frxUSD	scUSD
0x7ab32cd0242db644cb64654f997a4b350845042f	0x8bcf8ad9c16f455b54a077f48717c08afa326296	1.69	2	2202.43	0.2042	25/02/26 14:02:00	frxUSD	scUSD
0x44aa86b5716a8ddc28edfe53e54a270b6aaebc5c	0x8bcf8ad9c16f455b54a077f48717c08afa326296	1.63	69	60.25	0.1841	25/02/23 20:02:00	frxUSD	scUSD
0x6d7ac63aaa7ba8925dcb3e44be6355261dcf688f	0x8bcf8ad9c16f455b54a077f48717c08afa326296	1.58	69	50221.89	150.0876	25/02/19 0:02:00	frxUSD	scUSD
0xb451c775156bd8a1675508f6d7b425f765fd2140	0x8bcf8ad9c16f455b54a077f48717c08afa326296	1.56	6	607.16	0.1560	25/02/22 2:02:00	frxUSD	scUSD
0xe4234325e9166b40c9a36f34c4d092cbde01394b	0x8bcf8ad9c16f455b54a077f48717c08afa326296	1.55	25	3094.56	3.2304	25/04/08 12:04:00	frxUSD	scUSD
0x2fd1d8eaa6ed1b424c2d03ce5eadde9f301c3235	0x8bcf8ad9c16f455b54a077f48717c08afa326296	1.55	2	300.00	0.0254	25/02/26 22:02:00	frxUSD	scUSD
0x184e1b79ae0e0d6f9e6a365647eb2d4e45282574	0x8bcf8ad9c16f455b54a077f48717c08afa326296	1.44	32	185907.72	234.5862	25/03/07 0:03:00	frxUSD	scUSD
0x5388a7f24e86c9c9d855a98c2f5a339afa6a3acc	0x1b282d69a54a983714bb6bea8caacb29d4cb45b5	1.34	74	30142.87	81.7453	25/02/15 7:02:00	frxUSD	scUSD
0x70af2e1240d4b465ba9eb7985c36a6dbefcae84c	0x8bcf8ad9c16f455b54a077f48717c08afa326296	1.28	32	4001.47	4.4967	25/03/06 18:03:00	frxUSD	scUSD
0x3517bb8ca2b127da5839f6268300e19ceeeef947	0x1b282d69a54a983714bb6bea8caacb29d4cb45b5	1.26	1	100.00	0.0035	25/03/16 12:03:00	frxUSD	scUSD
0xb0640e7dd1dbb144928dfce54253aa47c8f11960	0x1b282d69a54a983714bb6bea8caacb29d4cb45b5	1.25	47	175215.79	282.7010	25/02/19 20:02:00	frxUSD	scUSD
0x087563d319c2c3432476d3f542a7ad353cb3efa2	0x1b282d69a54a983714bb6bea8caacb29d4cb45b5	1.17	9	2005.78	0.5794	25/02/19 20:02:00	frxUSD	scUSD
0x6d89f3591817b9669623e4d6c7463eacb729c937	0x8bcf8ad9c16f455b54a077f48717c08afa326296	1.14	53	665.56	1.0988	25/02/21 1:02:00	frxUSD	scUSD
0xa2808d78b4860cc03a10e69683815c1a4cf8c047	0x1b282d69a54a983714bb6bea8caacb29d4cb45b5	01.05	53	19299.30	29.5106	25/02/15 21:02:00	frxUSD	scUSD
0x0bb2f8c26420bccc4256b1de875185c937304dc2	0x8bcf8ad9c16f455b54a077f48717c08afa326296	01.04	30	202514.74	172.8163	25/02/23 14:02:00	frxUSD	scUSD
0x77777020820b2d68144a1c37447e5bf6b1902dee	0x1b282d69a54a983714bb6bea8caacb29d4cb45b5	01.03	47	1998.47	2.6189	25/03/17 19:03:00	frxUSD	scUSD
0x5388a7f24e86c9c9d855a98c2f5a339afa6a3acc	0x8bcf8ad9c16f455b54a077f48717c08afa326296	01.03	71	148235.00	297.0058	25/02/15 7:02:00	frxUSD	scUSD
0x06b179f681a4a45bdd108f12e2f9ca2d09442d8d	0x1b282d69a54a983714bb6bea8caacb29d4cb45b5	01.02	1	991.00	0.0278	25/02/20 16:02:00	frxUSD	scUSD
0xb97f255b37eef7d47dbe1debbecd1f2ecfc37abe	0x8bcf8ad9c16f455b54a077f48717c08afa326296	0.90	1	18.71	0.0005	25/02/18 19:02:00	frxUSD	scUSD
0x5b9147976d5f1046c78e1ef035a609471cd92dea	0x8bcf8ad9c16f455b54a077f48717c08afa326296	0.87	15	5000.73	1.7436	25/04/18 13:04:00	frxUSD	scUSD
0x3b8d5ec7c29373bd03f43fe2257d73ccc7b0fa38	0x8bcf8ad9c16f455b54a077f48717c08afa326296	0.83	51	14228.17	16.4645	25/02/18 20:02:00	frxUSD	scUSD
0x478bb542f7658d635abba67edb987806dff5b83d	0x8bcf8ad9c16f455b54a077f48717c08afa326296	0.81	2	89975.36	3.9763	25/02/26 7:02:00	frxUSD	scUSD
0x76ccb2055aad77de1ed59a08567b61431eea2bbe	0x8bcf8ad9c16f455b54a077f48717c08afa326296	0.80	20	941.66	0.3974	25/04/13 20:04:00	frxUSD	scUSD
0xae025de76780d42525b4e0a86af9b51f9b671378	0x1b282d69a54a983714bb6bea8caacb29d4cb45b5	0.56	56	323786.92	278.5849	25/02/19 7:02:00	frxUSD	scUSD
0x0f1ff2019f5a0fbd27ca9a4b8dc5ca195d45a0d9	0x8bcf8ad9c16f455b54a077f48717c08afa326296	0.49	3	44002.58	1.7575	25/02/13 21:02:00	frxUSD	scUSD
0xa7bf8f67045ef716ee87ded1faadff10f226c02d	0x1b282d69a54a983714bb6bea8caacb29d4cb45b5	0.49	39	499.29	0.2596	25/02/14 9:02:00	frxUSD	scUSD
0x887e0281128beb1f47933b7b9b6d8fc63c176839	0x8bcf8ad9c16f455b54a077f48717c08afa326296	0.42	75	4.94	0.0042	25/02/17 4:02:00	frxUSD	scUSD
0xf5f90c519f6e0646b5a65d6b1e157ca7e6ca1500	0x8bcf8ad9c16f455b54a077f48717c08afa326296	0.42	1	9.50	0.0001	25/03/31 13:03:00	frxUSD	scUSD
0xc50b3391986525a48c7ce0638bacad4c34c77863	0x8bcf8ad9c16f455b54a077f48717c08afa326296	0.39	76	100.41	0.0820	25/02/16 8:02:00	frxUSD	scUSD
0x0577e2466b7e5fae55fdc6389f514969779e2563	0x8bcf8ad9c16f455b54a077f48717c08afa326296	0.37	39	5092.95	1.9622	25/03/25 18:03:00	frxUSD	scUSD
0x683f511df0bdbb80347c4e04e1cc0195c288eb0c	0x8bcf8ad9c16f455b54a077f48717c08afa326296	0.34	4	10141.20	0.3248	25/04/29 15:04:00	frxUSD	scUSD
0xae025de76780d42525b4e0a86af9b51f9b671378	0x8bcf8ad9c16f455b54a077f48717c08afa326296	0.27	52	114782.32	44.3436	25/02/19 5:02:00	frxUSD	scUSD
0x95e6bf33e6460b76a6728175f0910539f83c96ee	0x1b282d69a54a983714bb6bea8caacb29d4cb45b5	0.23	51	57535.90	18.2419	25/03/13 18:03:00	frxUSD	scUSD
0x7788ea4ce2b1eac4d6e25790bfe6d3d537cce53a	0x8bcf8ad9c16f455b54a077f48717c08afa326296	0.18	1	150.14	0.0007	25/02/15 2:02:00	frxUSD	scUSD
0x97b73b8eaa8662381383a67e0dbcab67f78337dd	0x8bcf8ad9c16f455b54a077f48717c08afa326296	0.16	79	108289.97	37.1439	25/02/13 21:02:00	frxUSD	scUSD
0x100e3a6837555104c64d2cf5d71ba20b0eb3e193	0x1b282d69a54a983714bb6bea8caacb29d4cb45b5	0.15	74	439137.00	133.2450	25/02/18 5:02:00	frxUSD	scUSD
0x24e9a18a75faceedd14aeee845c0b8c66f112f91	0x1b282d69a54a983714bb6bea8caacb29d4cb45b5	0.13	4	298.15	0.0044	25/02/24 8:02:00	frxUSD	scUSD
0x35621ac5925e4f52e5ecbb10ce7202fbfacd98b1	0x1b282d69a54a983714bb6bea8caacb29d4cb45b5	0.11	16	5115.76	0.2459	25/02/17 20:02:00	frxUSD	scUSD
0xbce83d5060a7d7007fd7ca17301c1e5131b2d50e	0x1b282d69a54a983714bb6bea8caacb29d4cb45b5	0.06	1	10026.96	0.0178	25/02/20 23:02:00	frxUSD	scUSD
0x1712c1c76dbe8b31fa7c7a2543555e5d8172acdc	0x8bcf8ad9c16f455b54a077f48717c08afa326296	0.05	1	115.34	0.0002	25/02/16 4:02:00	frxUSD	scUSD
0x2f0dd459692ce334268b55443ff53c0c43a245ec	0x8bcf8ad9c16f455b54a077f48717c08afa326296	0.05	1	1.11	0.0000	25/04/04 7:04:00	frxUSD	scUSD
0x7f677cff258702ddb349d227e46991d5a3277b4d	0x8bcf8ad9c16f455b54a077f48717c08afa326296	0.05	1	1000.00	0.0013	25/04/10 10:04:00	frxUSD	scUSD
0x932cd7d6bbd2faa37d7261a6d86b49d89a492927	0x8bcf8ad9c16f455b54a077f48717c08afa326296	0.02	1	19398.77	0.0101	25/03/27 18:03:00	frxUSD	scUSD
0x5fa125ee772e5fd6f5028422751a5e6751993459	0x8bcf8ad9c16f455b54a077f48717c08afa326296	0.02	1	836.07	0.0006	25/04/18 22:04:00	frxUSD	scUSD
0x5f509801298651f887cbe27178fed7f7cb8b858a	0x8bcf8ad9c16f455b54a077f48717c08afa326296	0.01	1	515.04	0.0001	25/02/23 13:02:00	frxUSD	scUSD
0x02ed6b0d2df1033ca689de99e0035d801f5f659e	0x8bcf8ad9c16f455b54a077f48717c08afa326296	0.01	1	80138.77	0.0289	25/04/16 6:04:00	frxUSD	scUSD