wallet	ichi_vault	apr	total_days	deposit_value	reward_value	deposit_time	deposit_asset0	deposit_asset1
0x32e6565664af93e86e21a91264ee3fc591ea526c	0xf8fa00354778a31cbcc5988ea578a227d3982675	49.66	1	1608.76	2.1889	25/03/13 03:03:00	USDCE	scBTC
0x1a5868f91e6fa2bcbbd25008735bbb8dab597909	0xf8fa00354778a31cbcc5988ea578a227d3982675	46.88	6	1855.81	14.3016	25/04/06 02:04:00	USDCE	scBTC
0xd47b727c775e7cb52944f8c896c694b6ef10b575	0xf8fa00354778a31cbcc5988ea578a227d3982675	46.47	30	1000.00	38.1937	25/04/08 16:04:00	USDCE	scBTC
0x4be31bc593bed9754e286ad2a0609261def7eb0d	0xf8fa00354778a31cbcc5988ea578a227d3982675	44.27	1	1820.39	2.2081	25/03/13 03:03:00	USDCE	scBTC
0x51a773e3d77c5ef1d013ea0fd300f3d35d3ef6e4	0xf8fa00354778a31cbcc5988ea578a227d3982675	44.01	8	686.93	6.6262	25/04/18 13:04:00	USDCE	scBTC
0x76a4caf8b8acc577b99c97e8c324884f8f722408	0xf8fa00354778a31cbcc5988ea578a227d3982675	43.71	3	117.86	0.4235	25/03/13 03:03:00	USDCE	scBTC
0x9cc2611b694dcc926aeb7a741f69d78aa9b58326	0xf8fa00354778a31cbcc5988ea578a227d3982675	40.98	38	22.20	0.9471	25/04/07 01:04:00	USDCE	scBTC
0x1b648ade1ef219c87987cd60eba069a7faf1621f	0xf8fa00354778a31cbcc5988ea578a227d3982675	38.93	57	11098.40	674.6632	25/03/13 03:03:00	USDCE	scBTC
0x82ba77eb696829c1f53c68ce3f21b40419c06c40	0xf8fa00354778a31cbcc5988ea578a227d3982675	38.33	3	502.32	1.5824	25/05/02 10:05:00	USDCE	scBTC
0x1a1e9c7a68e7184f4f103a895b3dc612ee745136	0xf8fa00354778a31cbcc5988ea578a227d3982675	37.86	1	343.54	0.3563	25/03/13 03:03:00	USDCE	scBTC
0x69ebba5e2b429592483b5687a392436ba3ac15b5	0xf8fa00354778a31cbcc5988ea578a227d3982675	36.58	62	150.00	9.3201	25/03/13 15:03:00	USDCE	scBTC
0x2c6c959cc048a4c4749424c6ac8cc094bc066782	0xf8fa00354778a31cbcc5988ea578a227d3982675	36.48	61	733.03	44.6903	25/03/14 14:03:00	USDCE	scBTC
0x3c5aac016ef2f178e8699d6208796a2d67557fe2	0xf8fa00354778a31cbcc5988ea578a227d3982675	35.66	47	974.78	44.7569	25/03/13 04:03:00	USDCE	scBTC
0x4e5a1da2d1df0e1b575492b086309f237e7419e5	0x0631508b6693731dd9f7baea849bf9eec5e74462	35.58	2	12.76	0.0249	25/03/13 03:03:00	USDCE	scBTC
0xe3053ce05c1c256e2d10c9fe92435466bda4101f	0xf8fa00354778a31cbcc5988ea578a227d3982675	35.21	16	336.77	5.1974	25/03/13 05:03:00	USDCE	scBTC
0x4f835aa9c21c13a31a93a8b3a94027c2f3a21d99	0xf8fa00354778a31cbcc5988ea578a227d3982675	35.18	25	1699.00	40.9346	25/04/19 11:04:00	USDCE	scBTC
0x55dd18cc56d77e8ddca31a3599b7f8760be342f1	0x0631508b6693731dd9f7baea849bf9eec5e74462	34.50	1	317.33	0.2999	25/03/13 03:03:00	USDCE	scBTC
0x761c4bb545fc09e2b7ee091810cdc4428c843074	0x0631508b6693731dd9f7baea849bf9eec5e74462	34.28	18	639.59	10.8138	25/04/19 02:04:00	USDCE	scBTC
0xd42a08d2f4cb730ff8485f744abed7368712c112	0xf8fa00354778a31cbcc5988ea578a227d3982675	34.22	6	467.33	2.6285	25/04/23 13:04:00	USDCE	scBTC
0x11d44b21c1f3732a1d34f0078e1ad73750603a61	0x0631508b6693731dd9f7baea849bf9eec5e74462	33.60	8	672.23	4.9506	25/04/21 17:04:00	USDCE	scBTC
0x76b32f589904e78af65b773561133446c77bb70d	0x0631508b6693731dd9f7baea849bf9eec5e74462	33.50	6	75.00	0.4131	25/04/20 08:04:00	USDCE	scBTC
0x76b32f589904e78af65b773561133446c77bb70d	0xf8fa00354778a31cbcc5988ea578a227d3982675	33.46	6	148.30	0.8157	25/04/20 08:04:00	USDCE	scBTC
0x93384fc5828f1b7f2a8e5ab58595115cdc09469f	0xf8fa00354778a31cbcc5988ea578a227d3982675	33.39	10	733.77	6.7133	25/03/17 14:03:00	USDCE	scBTC
0xce3f4362665cc51585733682e54da43dd343e6ee	0xf8fa00354778a31cbcc5988ea578a227d3982675	33.19	1	492.26	0.4476	25/03/14 16:03:00	USDCE	scBTC
0xc77718b75ba9662bdc27e5ec95c99d60aafedd89	0xf8fa00354778a31cbcc5988ea578a227d3982675	32.71	17	1285.85	19.5907	25/04/24 11:04:00	USDCE	scBTC
0xfde9732fd69530a911d6ccbb872d86accb0e6c62	0xf8fa00354778a31cbcc5988ea578a227d3982675	32.48	1	6955.86	6.1901	25/03/13 03:03:00	USDCE	scBTC
0x45854310c3302c5dab9c0c745e8058d485a4ae8a	0xf8fa00354778a31cbcc5988ea578a227d3982675	31.80	1	1000.00	0.8713	25/03/13 03:03:00	USDCE	scBTC
0x2c8b93cc13dd9b506b09175488145009e4340819	0xf8fa00354778a31cbcc5988ea578a227d3982675	29.99	30	101.51	2.4379	25/04/17 20:04:00	USDC.e	scBTC
0x28b6e5f3838c519d48c5173240931829b850b0f4	0xf8fa00354778a31cbcc5988ea578a227d3982675	29.81	3	250.00	0.6126	25/03/17 20:03:00	USDCE	scBTC
0x2e0dca87927549c25223ca2dd4affb2d944d31cb	0xf8fa00354778a31cbcc5988ea578a227d3982675	28.73	60	31.26	1.4592	25/03/18 18:03:00	USDC.e	scBTC
0xed4363757b2c00479f378de27848725dbfd17d18	0xf8fa00354778a31cbcc5988ea578a227d3982675	28.58	1	14304.36	11.2006	25/03/13 04:03:00	USDCE	scBTC
0xa609388ec932e26500036e4a80ff3fa13507f408	0xf8fa00354778a31cbcc5988ea578a227d3982675	28.33	12	145.44	1.3548	25/04/12 00:04:00	USDCE	scBTC
0xd577c5d0a43c6359cc3926d70fc7f48e726fc121	0xf8fa00354778a31cbcc5988ea578a227d3982675	27.83	19	0.00	0.0000	25/04/28 12:04:00	USDC.e	scBTC
0x63284c54a82ca1785a0a03fa8402efd735edb333	0x0631508b6693731dd9f7baea849bf9eec5e74462	27.04	39	112.38	3.1674	25/04/09 00:04:00	USDC.e	scBTC
0x8f9b71126492912f380ef4a2bc77fb972d3636ff	0x0631508b6693731dd9f7baea849bf9eec5e74462	26.37	26	282.22	5.1232	25/04/21 22:04:00	USDC.e	scBTC
0x1563c4751ad2be48fd17464b73585b6ba8b6a5f0	0x0631508b6693731dd9f7baea849bf9eec5e74462	25.98	31	91.37	2.0160	25/04/02 20:04:00	USDCE	scBTC
0x81f0fabca380ebf6c78e291a89b2148e78b78b38	0x0631508b6693731dd9f7baea849bf9eec5e74462	25.45	28	257.66	5.0301	25/04/19 23:04:00	USDCE	scBTC
0xcd143fe8aab71d0ef3dbcdb3222e13433e1a9e64	0x0631508b6693731dd9f7baea849bf9eec5e74462	25.44	24	36.19	0.6028	25/04/23 04:04:00	USDC.e	scBTC
0x75a99f71613b8bdcada498b56a0d8b31cb8caf50	0x0631508b6693731dd9f7baea849bf9eec5e74462	24.79	6	10.85	0.0442	25/03/13 03:03:00	USDCE	scBTC
0x0ddc62c27a0409fe98c8b3bf9516d7e8c0ab389f	0x0631508b6693731dd9f7baea849bf9eec5e74462	24.58	39	150.07	3.9418	25/04/07 20:04:00	USDCE	scBTC
0xe44d701efacb70ba69f9c98cf5bd701cbaf2d0d3	0x0631508b6693731dd9f7baea849bf9eec5e74462	24.38	31	4459.74	92.3350	25/03/30 06:03:00	USDCE	scBTC
0x09e5380e70129c2e07cd7627f1ca600243d95ea5	0x0631508b6693731dd9f7baea849bf9eec5e74462	24.17	58	250.32	9.6132	25/03/11 13:03:00	USDCE	scBTC
0xc56c3bc08e372ad3a71017c191ca0148184e672b	0xf8fa00354778a31cbcc5988ea578a227d3982675	24.11	4	3190.60	8.4294	25/05/03 15:05:00	USDCE	scBTC
0xa792f5eb01c3f856502e2e56368c900c8882b2f9	0xf8fa00354778a31cbcc5988ea578a227d3982675	24.03	5	335.37	1.1039	25/03/25 08:03:00	USDCE	scBTC
0x90b87b91a67b73526ff851b3da5f22f195734901	0x0631508b6693731dd9f7baea849bf9eec5e74462	23.62	1	2951.49	1.9099	25/03/13 03:03:00	USDCE	scBTC
0x28165971e4d592ca6c45a3786786ec2f6b4b8d23	0xf8fa00354778a31cbcc5988ea578a227d3982675	23.31	9	493.94	2.8391	25/04/30 03:04:00	USDCE	scBTC
0xbae16ff58aa9620465c869594742933d7b16f905	0xf8fa00354778a31cbcc5988ea578a227d3982675	23.04	15	17.92	0.1697	25/03/19 23:03:00	USDCE	scBTC
0xe9a71041a30aa685d19164561d699a8f33fa0730	0x0631508b6693731dd9f7baea849bf9eec5e74462	22.96	57	11911.28	427.0921	25/03/13 04:03:00	USDCE	scBTC
0x28252f7a9658a99b34ffaebf23816af52638d060	0xf8fa00354778a31cbcc5988ea578a227d3982675	22.75	56	1015.29	35.0936	25/03/22 15:03:00	USDC.e	scBTC
0x235a3a8ee3511efb71262e657880a4f7eb3f2600	0x0631508b6693731dd9f7baea849bf9eec5e74462	22.55	1	645.00	0.3984	25/03/13 20:03:00	USDCE	scBTC
0x6735a47274c778dceab2bfa96a1ee34630d11d06	0xf8fa00354778a31cbcc5988ea578a227d3982675	22.42	9	94991.18	525.0710	25/03/13 09:03:00	USDCE	scBTC
0x9f85f324fb9c649ad694a167482067d90920e9e8	0x0631508b6693731dd9f7baea849bf9eec5e74462	22.03	50	2155.56	65.0490	25/03/13 03:03:00	USDCE	scBTC
0xd42a08d2f4cb730ff8485f744abed7368712c112	0x0631508b6693731dd9f7baea849bf9eec5e74462	21.86	9	853.04	4.5979	25/04/26 12:04:00	USDCE	scBTC
0x93ae6eef133a1097167a15f585eacf1ddf89151e	0x0631508b6693731dd9f7baea849bf9eec5e74462	21.73	21	1094.64	13.6881	25/04/26 17:04:00	USDCE	scBTC
0x43dec30f92cf1388a1e777b2644b08f4caac07d0	0x0631508b6693731dd9f7baea849bf9eec5e74462	21.61	62	9.56	0.3510	25/03/13 13:03:00	USDCE	scBTC
0x5584a353528dfeb2fc751ab48b72d32726c79507	0xf8fa00354778a31cbcc5988ea578a227d3982675	21.45	13	1474.61	11.2669	25/03/24 12:03:00	USDCE	scBTC
0x2c6c959cc048a4c4749424c6ac8cc094bc066782	0x0631508b6693731dd9f7baea849bf9eec5e74462	21.36	61	906.50	32.3568	25/03/14 14:03:00	USDCE	scBTC
0x6fbe5d1008bd1157ed727789c38b68aa8b564d75	0x0631508b6693731dd9f7baea849bf9eec5e74462	20.44	62	6.20	0.2126	25/03/16 19:03:00	USDC.e	scBTC
0x6d1e0084a6910a8803ab7c22483a1a2db3f1001a	0x0631508b6693731dd9f7baea849bf9eec5e74462	19.82	42	53.21	1.2135	25/03/14 16:03:00	USDCE	scBTC
0x8f25818ff64be1abee91abca70c306b33b602062	0xf8fa00354778a31cbcc5988ea578a227d3982675	19.75	11	39996.45	238.0052	25/03/28 08:03:00	USDCE	scBTC
0x44a81a1c026a2e5a2bc0d7f23249fcbe2128c421	0x0631508b6693731dd9f7baea849bf9eec5e74462	18.76	7	20.58	0.0741	25/03/13 14:03:00	USDCE	scBTC
0x5484a486356b4a0befd53eaa48cb13946d871f50	0xf8fa00354778a31cbcc5988ea578a227d3982675	18.64	1	400.00	0.2042	25/03/13 03:03:00	USDCE	scBTC
0xf5e7e15c6d11bac90579aaca28f597789b0b13b2	0xf8fa00354778a31cbcc5988ea578a227d3982675	18.18	37	50.37	0.9283	25/04/04 18:04:00	USDCE	scBTC
0x0d61d3e013ad0eebde19bfec51bc1ae0a50539f7	0x0631508b6693731dd9f7baea849bf9eec5e74462	18.07	60	28.42	0.8344	25/03/18 18:03:00	USDC.e	scBTC
0x7dd9c8b0db70cfe1ecb2596e87e3d4fb74010105	0xf8fa00354778a31cbcc5988ea578a227d3982675	17.34	20	4066.21	38.6416	25/03/12 06:03:00	USDCE	scBTC
0x8aecab6c0cf08011b9895845615ff6bf6729ba3a	0xf8fa00354778a31cbcc5988ea578a227d3982675	17.13	11	30.51	0.1526	25/05/06 09:05:00	USDC.e	scBTC
0xe3053ce05c1c256e2d10c9fe92435466bda4101f	0x0631508b6693731dd9f7baea849bf9eec5e74462	17.06	16	222.90	1.6671	25/03/13 05:03:00	USDCE	scBTC
0x44a81a1c026a2e5a2bc0d7f23249fcbe2128c421	0xf8fa00354778a31cbcc5988ea578a227d3982675	16.23	1	42.21	0.0188	25/03/19 14:03:00	USDCE	scBTC
0xf68d4b506ed84e4c9f30652da9c511a32bd1a192	0x0631508b6693731dd9f7baea849bf9eec5e74462	15.28	1	46.23	0.0194	25/05/03 17:05:00	USDCE	scBTC
0x4e430992db6f3bddbc6a50d1513845f087e9af4a	0xf8fa00354778a31cbcc5988ea578a227d3982675	15.17	4	19.94	0.0271	25/05/13 19:05:00	USDC.e	scBTC
0x7dd9c8b0db70cfe1ecb2596e87e3d4fb74010105	0x0631508b6693731dd9f7baea849bf9eec5e74462	14.89	4	664.95	1.0852	25/03/13 23:03:00	USDCE	scBTC
0xf1196bf726ed9227507f5a8b7c87ae177124db2b	0x0631508b6693731dd9f7baea849bf9eec5e74462	14.66	32	81.31	1.0449	25/03/13 14:03:00	USDCE	scBTC
0xa792f5eb01c3f856502e2e56368c900c8882b2f9	0x0631508b6693731dd9f7baea849bf9eec5e74462	13.67	4	436.49	0.6540	25/03/13 03:03:00	USDCE	scBTC
0xafe350c76d31b73b5901eaccb86f2834c5ec0a3b	0xf8fa00354778a31cbcc5988ea578a227d3982675	13.61	50	74453.29	1388.4964	25/03/19 22:03:00	USDCE	scBTC
0x32b93525648df184e8a603a4719fdcec5882401c	0x0631508b6693731dd9f7baea849bf9eec5e74462	11.92	63	1097.87	22.5964	25/03/14 00:03:00	USDCE	scBTC
0x7aeab3114db663a819196a32649680552c770621	0x0631508b6693731dd9f7baea849bf9eec5e74462	10.79	1	2701.40	0.7982	25/04/09 02:04:00	USDCE	scBTC
0x1b648ade1ef219c87987cd60eba069a7faf1621f	0x0631508b6693731dd9f7baea849bf9eec5e74462	10.74	57	28427.03	476.9247	25/03/13 03:03:00	USDCE	scBTC
0x0bcf7b084613f1ca63fa47918cc5f3b383be4aab	0x0631508b6693731dd9f7baea849bf9eec5e74462	9.88	1	543.01	0.1471	25/03/13 03:03:00	USDCE	scBTC
0xd55b6427ffbef64f90b8c7150e082b485dc60229	0xf8fa00354778a31cbcc5988ea578a227d3982675	9.42	32	213.81	1.7650	25/04/15 01:04:00	USDC.e	scBTC
0xabea63c0967f2f5faf4b262c0104233ab5a56ac8	0x0631508b6693731dd9f7baea849bf9eec5e74462	9.27	16	33591.82	136.5101	25/03/13 05:03:00	USDCE	scBTC
0x2a48d3be1b3603af83ff5f72df5b14b8cfd37164	0x0631508b6693731dd9f7baea849bf9eec5e74462	7.98	62	17309.60	233.8380	25/03/16 06:03:00	USDC.e	scBTC
0xea869669210a69b035b382e0f2a498b87dc6a45c	0x0631508b6693731dd9f7baea849bf9eec5e74462	6.94	36	214820.06	1470.9923	25/03/14 00:03:00	USDCE	scBTC
0xaf79312eb821871208ac76a80c8e282f8796964e	0xf8fa00354778a31cbcc5988ea578a227d3982675	6.92	25	388.54	1.8408	25/03/15 21:03:00	USDCE	scBTC
0x0770882b757be24ff1b753ea1094a85d67aae2dd	0x0631508b6693731dd9f7baea849bf9eec5e74462	6.40	1	1357.47	0.2380	25/04/07 03:04:00	USDCE	scBTC
0xf5a45f4d6f237b4e832110ebe6385f781264b350	0xf8fa00354778a31cbcc5988ea578a227d3982675	6.34	35	3049.35	18.0042	25/04/13 01:04:00	USDC.e	scBTC
0x5b9147976d5f1046c78e1ef035a609471cd92dea	0xf8fa00354778a31cbcc5988ea578a227d3982675	6.17	9	1992.00	3.0292	25/04/23 03:04:00	USDCE	scBTC
0x730a1eaa28f844e7f02ae910b32644d7584f675c	0x0631508b6693731dd9f7baea849bf9eec5e74462	6.04	63	472.13	4.9230	25/03/13 10:03:00	USDCE	scBTC
0xb9d31586015b9866c34abb6f1a2ee5929b7a4fc2	0x0631508b6693731dd9f7baea849bf9eec5e74462	5.89	2	493.14	0.1592	25/04/12 13:04:00	USDCE	scBTC
0xe9a71041a30aa685d19164561d699a8f33fa0730	0xf8fa00354778a31cbcc5988ea578a227d3982675	5.40	1	1000.00	0.1479	25/03/13 03:03:00	USDCE	scBTC
0x50601826c29ea5e8fbeb3da68521f0b61200fa17	0x0631508b6693731dd9f7baea849bf9eec5e74462	5.02	20	820.02	2.1622	25/04/27 22:04:00	USDC.e	scBTC
0x3f888f4e16a08c6b3745ddbade98e24569852fa4	0x0631508b6693731dd9f7baea849bf9eec5e74462	4.21	9	1061.98	1.1019	25/04/03 17:04:00	USDCE	scBTC
0xafe350c76d31b73b5901eaccb86f2834c5ec0a3b	0x0631508b6693731dd9f7baea849bf9eec5e74462	4.21	33	32097.51	122.2753	25/04/05 18:04:00	USDCE	scBTC
0xcdc7b771a0ef67519cfeba630451bfe1736ef344	0xf8fa00354778a31cbcc5988ea578a227d3982675	4.16	65	1.39	0.0102	25/03/13 15:03:00	USDC.e	scBTC
0x1a74108958c18bb519d05a878ca92ea1dd18e1b2	0x0631508b6693731dd9f7baea849bf9eec5e74462	3.99	11	1374.53	1.6516	25/05/05 05:05:00	USDCE	scBTC
0x1a1e9c7a68e7184f4f103a895b3dc612ee745136	0x0631508b6693731dd9f7baea849bf9eec5e74462	3.80	57	362.92	2.1523	25/03/13 03:03:00	USDCE	scBTC
0xb59e6d31dd9d2c38b5b1bbfe019be46800b917bf	0x0631508b6693731dd9f7baea849bf9eec5e74462	3.58	65	203.72	1.2987	25/03/13 03:03:00	USDC.e	scBTC
0x70af2e1240d4b465ba9eb7985c36a6dbefcae84c	0xf8fa00354778a31cbcc5988ea578a227d3982675	3.34	38	1994.08	6.9389	25/03/24 17:03:00	USDCE	scBTC
0x5dd1e946643f5d7318f5e5163ecc49e4a8905068	0xf8fa00354778a31cbcc5988ea578a227d3982675	2.89	59	679.96	3.1450	25/03/19 16:03:00	USDC.e	scBTC
0x2d88016d3d0a209e0bada929711d5e4999df74d5	0xf8fa00354778a31cbcc5988ea578a227d3982675	2.33	17	2445.02	2.5416	25/04/30 18:04:00	USDC.e	scBTC
0xa35c3fb06b17af73b1b385144d47cf7f4624ae6e	0xf8fa00354778a31cbcc5988ea578a227d3982675	1.89	65	360.30	1.1952	25/03/14 01:03:00	USDC.e	scBTC
0x230bdaffcafeb1d08a83b8ec3b7b3c4d3a815f16	0xf8fa00354778a31cbcc5988ea578a227d3982675	1.71	64	330.69	0.9802	25/03/14 18:03:00	USDC.e	scBTC
0xdefa42f1c6ebce3663b99d3d1447aa426413bc74	0xf8fa00354778a31cbcc5988ea578a227d3982675	1.38	64	48.28	0.1156	25/03/14 21:03:00	USDC.e	scBTC
0x9674fc77a3f5773002877cae189a51ea89cc4316	0x0631508b6693731dd9f7baea849bf9eec5e74462	1.14	1	6656.78	0.2079	25/04/11 11:04:00	USDCE	scBTC
0x0bcf7b084613f1ca63fa47918cc5f3b383be4aab	0xf8fa00354778a31cbcc5988ea578a227d3982675	0.96	30	5111.22	4.0538	25/03/12 18:03:00	USDCE	scBTC
0xbf4dbf8b9e3a5d37661cd95434e46cf064e07a3a	0x0631508b6693731dd9f7baea849bf9eec5e74462	0.78	65	86.30	0.1184	25/03/13 23:03:00	USDC.e	scBTC
0x593d7d712e6b79b63e3bbe6f1cc8b8c11fc8abe4	0x0631508b6693731dd9f7baea849bf9eec5e74462	0.56	58	1315.97	1.1669	25/03/20 06:03:00	USDC.e	scBTC
0xd94b4cea77c7828c58c06afa7594021f12d8d62c	0xf8fa00354778a31cbcc5988ea578a227d3982675	0.56	65	142.60	0.1400	25/03/13 22:03:00	USDC.e	scBTC
0x593d7d712e6b79b63e3bbe6f1cc8b8c11fc8abe4	0xf8fa00354778a31cbcc5988ea578a227d3982675	0.46	65	1016.50	0.8288	25/03/13 03:03:00	USDC.e	scBTC
0x3236d8db3360960e75ae020d58f4c91261af7447	0xf8fa00354778a31cbcc5988ea578a227d3982675	0.33	50	11043.30	4.9156	25/03/28 03:03:00	USDC.e	scBTC
0xad4d57d5a50d640837ab4709807ade23fca5d1a9	0x0631508b6693731dd9f7baea849bf9eec5e74462	0.26	1	6194.26	0.0437	25/05/01 23:05:00	USDCE	scBTC
0xae025de76780d42525b4e0a86af9b51f9b671378	0xf8fa00354778a31cbcc5988ea578a227d3982675	0.25	1	19990.30	0.1375	25/03/13 03:03:00	USDCE	scBTC
0x893b5532ef798a87a8828800c0283143ed02a9ab	0xf8fa00354778a31cbcc5988ea578a227d3982675	0.20	1	110.00	0.0006	25/03/14 19:03:00	USDCE	scBTC
0x8f25818ff64be1abee91abca70c306b33b602062	0x0631508b6693731dd9f7baea849bf9eec5e74462	0.18	1	41200.00	0.2064	25/03/27 05:03:00	USDCE	scBTC
0x2ffdb5725edc475082add02e6b7532a180eda4fa	0x0631508b6693731dd9f7baea849bf9eec5e74462	0.11	54	57.84	0.0095	25/03/24 17:03:00	USDC.e	scBTC
0x7a9147fe98b3a96503821ace49e90b4a62d55b34	0x0631508b6693731dd9f7baea849bf9eec5e74462	0.01	46	2172.68	0.0285	25/03/28 04:03:00	USDCE	scBTC