wallet,ichi_vault,apr,total_days,deposit_value,reward_value,deposit_time,deposit_asset0,deposit_asset1
"0x75a6ac9f5a57e477c3bb7a94c69375c05ede11bd","0x7c0e966462208ddbc7bc7621a458aa09c0e4a525","125.73","29","0.46","0.0441","25/04/07 23:04:00","USDC.e","USDT"
"0x3c5aac016ef2f178e8699d6208796a2d67557fe2","0x7c0e966462208ddbc7bc7621a458aa09c0e4a525","43.97","3","15685.18","56.6799","25/03/17 20:03:00","USDCe","USDT"
"0x5e552e0a1f107b225116b525f0fbfe887d332068","0x7c0e966462208ddbc7bc7621a458aa09c0e4a525","39.08","1","5226.70","5.5967","25/02/13 20:02:00","USDCe","USDT"
"0xaf0a8f9d53ff4f6b2c9305988b5c64d0d9a49ca0","0x7c0e966462208ddbc7bc7621a458aa09c0e4a525","38.52","1","1163.82","1.2282","25/02/13 20:02:00","USDCe","USDT"
"0x8a30fe8dd7c1b8ee6fff8892731ed345b9e33b29","0x7c0e966462208ddbc7bc7621a458aa09c0e4a525","36.37","1","2998.80","2.9881","25/02/13 21:02:00","USDCe","USDT"
"0x9f50a7faed597f24ac09ff084de7c53fcca8db97","0x7c0e966462208ddbc7bc7621a458aa09c0e4a525","30.21","4","500.00","1.6551","25/02/13 20:02:00","USDCe","USDT"
"0x23c043a293b302e146aa9fcf9a9ca937b895dd56","0x7c0e966462208ddbc7bc7621a458aa09c0e4a525","22.11","4","828.40","2.0072","25/02/13 23:02:00","USDCe","USDT"
"0x97b73b8eaa8662381383a67e0dbcab67f78337dd","0x7c0e966462208ddbc7bc7621a458aa09c0e4a525","20.30","1","90397.70","50.2739","25/02/13 20:02:00","USDCe","USDT"
"0xabea63c0967f2f5faf4b262c0104233ab5a56ac8","0x7c0e966462208ddbc7bc7621a458aa09c0e4a525","18.35","4","21989.14","44.2251","25/02/14 00:02:00","USDCe","USDT"
"0x0f1ff2019f5a0fbd27ca9a4b8dc5ca195d45a0d9","0x7c0e966462208ddbc7bc7621a458aa09c0e4a525","18.23","1","32531.75","16.2447","25/02/13 21:02:00","USDCe","USDT"
"0x0f26d183a01ae083c82ca5464193193061d1fbde","0x7c0e966462208ddbc7bc7621a458aa09c0e4a525","17.92","3","6347.13","9.3485","25/02/14 14:02:00","USDCe","USDT"
"0x3c948a11c4d5462ace49a505ece7112531b16725","0x7c0e966462208ddbc7bc7621a458aa09c0e4a525","16.26","4","56799.55","101.2194","25/02/14 15:02:00","USDCe","USDT"
"0xd5ea1a99ef5f582713d087c178c3b54894e8dffb","0x7c0e966462208ddbc7bc7621a458aa09c0e4a525","15.36","1","90000.00","37.8797","25/02/17 00:02:00","USDCe","USDT"
"0x09269732fbf0aa03c061e99595639232794f9d8c","0x7c0e966462208ddbc7bc7621a458aa09c0e4a525","14.95","2","100000.00","81.8923","25/02/17 02:02:00","USDCe","USDT"
"0xf74b66ec77a2ce37b6865cfab54eb6484ed131ee","0x7c0e966462208ddbc7bc7621a458aa09c0e4a525","13.64","7","848.11","2.2190","25/02/14 18:02:00","USDCe","USDT"
"0x164572acff302ac81c257299fc5c2a074f069c34","0x7c0e966462208ddbc7bc7621a458aa09c0e4a525","12.82","4","999.10","1.4042","25/02/16 16:02:00","USDCe","USDT"
"0xedeed75328937a17749c1a59772e2ec79eb51314","0x7c0e966462208ddbc7bc7621a458aa09c0e4a525","12.20","6","35000.22","70.2020","25/02/13 23:02:00","USDCe","USDT"
"0x4b2c88573f8f2baee29d5a1b68651afc868475a0","0x7c0e966462208ddbc7bc7621a458aa09c0e4a525","12.14","10","1999.71","6.6494","25/02/14 21:02:00","USDCe","USDT"
"0xdbf7b6c8c65254c7af6b877f6b6261e922be91ec","0x7c0e966462208ddbc7bc7621a458aa09c0e4a525","11.79","6","45576.88","88.3158","25/02/13 21:02:00","USDCe","USDT"
"0xbcabb9c74402bfd6b2fa7fd78d6e1b2184fc3c17","0x7c0e966462208ddbc7bc7621a458aa09c0e4a525","10.92","5","9003.43","13.4647","25/02/16 16:02:00","USDCe","USDT"
"0x1f9b37062a13383830f860b71e5ee7e7ed4a9e8d","0x7c0e966462208ddbc7bc7621a458aa09c0e4a525","10.83","12","2389.98","8.5099","25/02/15 00:02:00","USDCe","USDT"
"0x5db5286cec9a28d76feb4ee22e0722e6a6912b22","0x7c0e966462208ddbc7bc7621a458aa09c0e4a525","10.72","14","51317.63","211.0006","25/02/14 09:02:00","USDCe","USDT"
"0x93ae6eef133a1097167a15f585eacf1ddf89151e","0x7c0e966462208ddbc7bc7621a458aa09c0e4a525","10.68","9","1049.38","2.7646","25/02/15 22:02:00","USDCe","USDT"
"0x00c0cff4358565982ee5e63beae4670f3da71b24","0x7c0e966462208ddbc7bc7621a458aa09c0e4a525","10.07","2","198.06","0.0900","25/05/04 11:05:00","USDC.e","USDT"
"0xc42309f8b5b1256233fd48c4559216bc5507e10c","0x7c0e966462208ddbc7bc7621a458aa09c0e4a525","10.06","3","9998.02","5.8977","25/05/03 23:05:00","USDC.e","USDT"
"0xb757df95d845f8deb8b4ddafe74fd54ad2b377a3","0x7c0e966462208ddbc7bc7621a458aa09c0e4a525","9.87","7","27014.50","51.1287","25/02/16 15:02:00","USDCe","USDT"
"0x39ae301d66dd180477eb9cf8107cd22f1bbff378","0x7c0e966462208ddbc7bc7621a458aa09c0e4a525","9.49","9","259.69","0.5556","25/04/27 21:04:00","USDC.e","USDT"
"0xcb43fb65b1700ba710d37e8a310299a962c6a0c8","0x7c0e966462208ddbc7bc7621a458aa09c0e4a525","9.46","9","49.99","0.1100","25/04/27 14:04:00","USDC.e","USDT"
"0x9c52df55adfe6f06116bf9cd71155d8a019ac60a","0x7c0e966462208ddbc7bc7621a458aa09c0e4a525","9.38","10","2517.40","6.0724","25/04/26 17:04:00","USDC.e","USDT"
"0x60c750e77b17613fa2d80035c894fb05d6f7de66","0x7c0e966462208ddbc7bc7621a458aa09c0e4a525","8.92","15","99.49","0.3619","25/04/21 05:04:00","USDC.e","USDT"
"0x73912644e5111fbdbc63fb4562c3b786f624f0f5","0x7c0e966462208ddbc7bc7621a458aa09c0e4a525","8.78","17","15.07","0.0587","25/04/19 21:04:00","USDC.e","USDT"
"0x6fd5d1155cdcdb45e21a00247c9eed7f2bc00ebf","0x7c0e966462208ddbc7bc7621a458aa09c0e4a525","8.60","23","172.02","0.9317","25/02/14 06:02:00","USDCe","USDT"
"0xb34c1d2567eaa534af6d2a2806db071deeaf1798","0x7c0e966462208ddbc7bc7621a458aa09c0e4a525","8.19","1","2818.91","0.6325","25/04/09 11:04:00","USDCe","USDT"
"0x9a96f848711564daa051eeba9041fff9f62303a3","0x7c0e966462208ddbc7bc7621a458aa09c0e4a525","8.08","4","532.58","0.4717","25/05/02 17:05:00","USDCe","USDT"
"0xdec18efb10ab7c17155662cbb6e4ad0223863a3a","0x7c0e966462208ddbc7bc7621a458aa09c0e4a525","7.96","8","861.00","1.5018","25/02/16 22:02:00","USDCe","USDT"
"0x9342174252e8ae1de46abefc1b930e21a3cbcf55","0x7c0e966462208ddbc7bc7621a458aa09c0e4a525","7.82","5","140220.96","150.2427","25/02/15 05:02:00","USDCe","USDT"
"0x2aebf044f0c7aa6db77a7f790984fd78303a3259","0x7c0e966462208ddbc7bc7621a458aa09c0e4a525","7.81","30","0.10","0.0006","25/04/06 23:04:00","USDC.e","USDT"
"0x11bf6cadea898415c515608b58d337941faab6ac","0x7c0e966462208ddbc7bc7621a458aa09c0e4a525","7.81","1","2241.04","0.4794","25/02/19 00:02:00","USDCe","USDT"
"0xb02c788299c7fd3901637ec383567e471bad85db","0xc751b73e97e2bd7d141989ba418772223db93664","7.64","27","100.00","0.5553","25/04/09 13:04:00","USDC.e","USDT"
"0xd8660656abcb9622a806bf6a03cab34f3ee14f10","0xc751b73e97e2bd7d141989ba418772223db93664","7.57","32","110.01","0.7151","25/04/04 18:04:00","USDC.e","USDT"
"0x069d9a3da759a688798b53875e735bd9482a7fde","0x7c0e966462208ddbc7bc7621a458aa09c0e4a525","7.42","36","4959.48","36.2865","25/02/14 17:02:00","USDCe","USDT"
"0x7d0a940d81ce63ce716a1e3cd7372f78f79d2414","0x7c0e966462208ddbc7bc7621a458aa09c0e4a525","7.41","1","5398.25","1.0955","25/02/18 23:02:00","USDCe","USDT"
"0xb495023d8eb9526d8ec346703f2cff12f2a6963d","0x7c0e966462208ddbc7bc7621a458aa09c0e4a525","7.02","35","178.14","1.1762","25/04/01 18:04:00","USDC.e","USDT"
"0xd0193d8f3888d51ab548c6c34e8001684c1915e9","0x7c0e966462208ddbc7bc7621a458aa09c0e4a525","6.94","1","10004.62","1.9015","25/02/20 10:02:00","USDCe","USDT"
"0x20c9b776445c11e91f46aa048d57dd9c2f4f6fdb","0x7c0e966462208ddbc7bc7621a458aa09c0e4a525","6.94","1","3498.02","0.6649","25/04/08 09:04:00","USDCe","USDT"
"0x093308dc6b31e4bfe980405ae8a80748fcd3e4b7","0x7c0e966462208ddbc7bc7621a458aa09c0e4a525","6.84","36","7.25","0.0489","25/03/31 03:03:00","USDC.e","USDT"
"0x47bc4b286e8186f8e9f155da7136a050444849c9","0x7c0e966462208ddbc7bc7621a458aa09c0e4a525","6.84","2","1896.23","0.7110","25/02/16 11:02:00","USDCe","USDT"
"0xc92a565131d9461705293a4fafbba6516f3410c4","0x7c0e966462208ddbc7bc7621a458aa09c0e4a525","6.67","20","136.46","0.4991","25/04/06 20:04:00","USDCe","USDT"
"0x8fa18b857aa3d0e9ca2f02d08c6bdda279532b05","0x7c0e966462208ddbc7bc7621a458aa09c0e4a525","6.66","38","18.09","0.1246","25/03/29 08:03:00","USDC.e","USDT"
"0xd73c5d65f32f2a90c3a137bd57e294b53d3a2074","0x7c0e966462208ddbc7bc7621a458aa09c0e4a525","6.63","11","1588.56","3.1758","25/02/17 17:02:00","USDCe","USDT"
"0x42a1ef5ffdaf134eb958814e443db9c244375c8f","0x7c0e966462208ddbc7bc7621a458aa09c0e4a525","6.50","4","65028.23","46.3165","25/04/08 06:04:00","USDCe","USDT"
"0xe32980ddf4f3dffc000cf018d63bc5d3ed6c1996","0x7c0e966462208ddbc7bc7621a458aa09c0e4a525","6.49","40","811.50","5.7445","25/03/27 06:03:00","USDC.e","USDT"
"0x1aad191290b7a991dc2d9d0b9fa63a2cd55853ae","0x7c0e966462208ddbc7bc7621a458aa09c0e4a525","6.45","41","1199.65","8.5500","25/03/26 18:03:00","USDC.e","USDT"
"0xec3f8d9f1a608b0c993f5108ea13ff75b6e0c654","0x7c0e966462208ddbc7bc7621a458aa09c0e4a525","6.45","1","13168.58","2.3254","25/02/20 10:02:00","USDCe","USDT"
"0xf80b47eaf2c457e857e9415f666ae493e803e063","0x7c0e966462208ddbc7bc7621a458aa09c0e4a525","6.43","41","999.70","7.1483","25/03/26 12:03:00","USDC.e","USDT"
"0x85a729033ea3ac6fab6ca0111e587dba45f753f0","0x7c0e966462208ddbc7bc7621a458aa09c0e4a525","6.42","11","29414.00","56.9471","25/04/14 04:04:00","USDCe","USDT"
"0x01c80f69cb27ff10506df825cff859ffc8721eb2","0x7c0e966462208ddbc7bc7621a458aa09c0e4a525","6.39","15","100043.14","262.5952","25/04/08 00:04:00","USDCe","USDT"
"0xa6e344ab41c279364ab534dc42104ed3552c9b47","0x7c0e966462208ddbc7bc7621a458aa09c0e4a525","6.37","42","9.75","0.0705","25/03/25 15:03:00","USDC.e","USDT"
"0xa2808d78b4860cc03a10e69683815c1a4cf8c047","0x7c0e966462208ddbc7bc7621a458aa09c0e4a525","6.33","2","6867.73","2.3836","25/04/07 22:04:00","USDCe","USDT"
"0xe50f6467e8eab46ce2585edb611d0ce6c460d2f9","0x7c0e966462208ddbc7bc7621a458aa09c0e4a525","6.30","42","215.53","1.5567","25/03/25 06:03:00","USDC.e","USDT"
"0x5d6b3eada5890c7cc2a7ce1a3220b0140582ed81","0x7c0e966462208ddbc7bc7621a458aa09c0e4a525","6.29","43","2.52","0.0185","25/03/24 12:03:00","USDC.e","USDT"
"0x2eff07e89e0aff2da01e003c35e94232d21d9070","0x7c0e966462208ddbc7bc7621a458aa09c0e4a525","6.21","11","26663.86","49.9321","25/02/18 02:02:00","USDCe","USDT"
"0xc0df25f27ed7d188d50d2d048b1a0263689a4320","0x7c0e966462208ddbc7bc7621a458aa09c0e4a525","6.18","61","271.81","2.7743","25/03/06 19:03:00","USDC.e","USDT"
"0x02e1e81f36784ae23cbf53ea9ccbdf489d733062","0x7c0e966462208ddbc7bc7621a458aa09c0e4a525","6.18","59","101.17","0.9945","25/03/09 00:03:00","USDC.e","USDT"
"0xe167720b29882a19a5a6f4bc974e8037b126e10a","0x7c0e966462208ddbc7bc7621a458aa09c0e4a525","6.17","7","1832.58","2.1680","25/04/08 08:04:00","USDCe","USDT"
"0x4da0b5736a8a814c9cc47e9bbd6e22eb8700cf92","0x7c0e966462208ddbc7bc7621a458aa09c0e4a525","6.16","62","445.26","4.6263","25/03/05 12:03:00","USDC.e","USDT"
"0x437a69afe709e92bf67456cc0e0d7ec2ca938eba","0x7c0e966462208ddbc7bc7621a458aa09c0e4a525","6.16","27","26253.84","119.6584","25/02/16 09:02:00","USDCe","USDT"
"0xcd143fe8aab71d0ef3dbcdb3222e13433e1a9e64","0xc751b73e97e2bd7d141989ba418772223db93664","6.15","13","12.71","0.0277","25/04/23 04:04:00","USDC.e","USDT"
"0x4f4b9492392b88a1d21611575b732428a1bedea6","0xc751b73e97e2bd7d141989ba418772223db93664","6.15","13","1561.31","3.3724","25/04/23 06:04:00","USDC.e","USDT"
"0x620a6410941eb78862c64156d8e6370ad5eb4ffd","0x7c0e966462208ddbc7bc7621a458aa09c0e4a525","6.14","63","3.17","0.0333","25/03/04 11:03:00","USDC.e","USDT"
"0xfa676ab0be3b0a88a2be7edb97798f6403cdbcc1","0xc751b73e97e2bd7d141989ba418772223db93664","6.14","13","1.00","0.0021","25/04/23 15:04:00","USDC.e","USDT"
"0x65272a52b2834fc879af8391dc830494478f194c","0x7c0e966462208ddbc7bc7621a458aa09c0e4a525","6.13","7","6598.07","7.7539","25/02/14 20:02:00","USDCe","USDT"
"0x3eb52cbf0cd6546ed1afe361dfbe902710a80145","0x7c0e966462208ddbc7bc7621a458aa09c0e4a525","6.13","2","15002.39","5.0414","25/04/25 10:04:00","USDCe","USDT"
"0xaed8c5c158a7d90534898dd3a1b085290a914ce4","0x7c0e966462208ddbc7bc7621a458aa09c0e4a525","6.13","18","2500.00","7.5551","25/03/01 19:03:00","USDCe","USDT"
"0x79bf3d2d0ba43f10dfae0d66a6f385cb3ca7e84f","0xc751b73e97e2bd7d141989ba418772223db93664","6.11","12","135.49","0.2534","25/04/24 22:04:00","USDC.e","USDT"
"0x72df07babcea92759602515d2065efb49475c97d","0xc751b73e97e2bd7d141989ba418772223db93664","6.10","11","13.96","0.0247","25/04/25 12:04:00","USDC.e","USDT"
"0x29d8b968386772ad152973a748e1a288523f0f3d","0x7c0e966462208ddbc7bc7621a458aa09c0e4a525","6.09","77","0.62","0.0079","25/02/18 07:02:00","USDC.e","USDT"
"0xfb535d371d451fb417c7eb21299f862cc04811e4","0xc751b73e97e2bd7d141989ba418772223db93664","6.09","10","499.83","0.7633","25/04/26 23:04:00","USDC.e","USDT"
"0xacf89c236462a336917817b1d91fde5488ffb3ac","0x7c0e966462208ddbc7bc7621a458aa09c0e4a525","6.07","7","8318.17","9.6835","25/02/19 01:02:00","USDCe","USDT"
"0x07ece3b8d7507c11944a07edb5243f927e7c86fe","0xc751b73e97e2bd7d141989ba418772223db93664","6.05","16","12.71","0.0319","25/04/20 23:04:00","USDC.e","USDT"
"0x443bae9fd74780b2fff546d9c8db257529bb97c1","0x7c0e966462208ddbc7bc7621a458aa09c0e4a525","6.03","5","15009.29","12.3998","25/04/09 18:04:00","USDCe","USDT"
"0x4107bc7d0d6d7a11ed0f32f7c2c36781ae243b02","0x7c0e966462208ddbc7bc7621a458aa09c0e4a525","6.02","50","7.00","0.0567","25/03/17 22:03:00","USDC.e","USDT"
"0xd577c5d0a43c6359cc3926d70fc7f48e726fc121","0xc751b73e97e2bd7d141989ba418772223db93664","6.01","8","0.00","0.0000","25/04/28 11:04:00","USDC.e","USDT"
"0xc36c71438d17ef6dcf9ad5c25248d358c2e28a65","0x7c0e966462208ddbc7bc7621a458aa09c0e4a525","5.99","67","26.25","0.2863","25/02/28 15:02:00","USDC.e","USDT"
"0x94da80bea0b846e8d029a72c791f5c4a6ac5b023","0x7c0e966462208ddbc7bc7621a458aa09c0e4a525","5.99","48","3.59","0.0282","25/03/19 04:03:00","USDC.e","USDT"
"0xbe57f88bcc88b75b039f05d5c9df8ff5578db6af","0x7c0e966462208ddbc7bc7621a458aa09c0e4a525","5.97","11","240.00","0.4321","25/03/05 09:03:00","USDCe","USDT"
"0x71a240f4ff7d2aad954c8c748f5f2f387f5c08df","0x7c0e966462208ddbc7bc7621a458aa09c0e4a525","5.96","7","4822.27","5.5113","25/04/09 11:04:00","USDCe","USDT"
"0x69e8c41481d2dd184c96630dc815d222c249c347","0x7c0e966462208ddbc7bc7621a458aa09c0e4a525","5.95","68","1446.07","15.9587","25/02/27 10:02:00","USDC.e","USDT"
"0x2eac77721ab0a15354c7e99f5ac855da715ec481","0xc751b73e97e2bd7d141989ba418772223db93664","5.94","7","1999.53","2.1675","25/04/29 10:04:00","USDC.e","USDT"
"0x8144fa70ea19ff4e62e3cabced0898e87e496014","0x7c0e966462208ddbc7bc7621a458aa09c0e4a525","5.94","3","60.39","0.0295","25/04/10 01:04:00","USDCe","USDT"
"0xdf43664aec3b994e1dd159ec59d45ba87927255b","0x7c0e966462208ddbc7bc7621a458aa09c0e4a525","5.91","70","3.37","0.0380","25/02/25 09:02:00","USDC.e","USDT"
"0x2cf5b89fe34a18a73c82a1bd30cd61cb842afe75","0x7c0e966462208ddbc7bc7621a458aa09c0e4a525","5.91","71","1.77","0.0203","25/02/24 04:02:00","USDC.e","USDT"
"0xbbcbbcd0c2f808c68e95312d87f2abbb690b8378","0x7c0e966462208ddbc7bc7621a458aa09c0e4a525","5.88","74","6510.98","77.4330","25/02/21 05:02:00","USDC.e","USDT"
"0xf52cbefad898a6c3965a9069c0b01278c9ce6a3b","0xc751b73e97e2bd7d141989ba418772223db93664","5.82","6","209.95","0.1860","25/04/30 13:04:00","USDC.e","USDT"
"0x2e91bac65dd522a211ab4ef448e365b02a7859f9","0x7c0e966462208ddbc7bc7621a458aa09c0e4a525","5.82","6","2994.99","2.8649","25/04/08 19:04:00","USDCe","USDT"
"0x0374407fd69ba4c1df28600a84a90d62989f6b72","0xc751b73e97e2bd7d141989ba418772223db93664","5.77","6","275.73","0.2219","25/05/01 00:05:00","USDC.e","USDT"
"0x0228806914474d67bcf2317b7aeb9503808fdeb7","0x7c0e966462208ddbc7bc7621a458aa09c0e4a525","5.77","18","5.00","0.0142","25/04/04 02:04:00","USDCe","USDT"
"0x74f8744020f5900a2c3a3289c6c2182f56a6901f","0x7c0e966462208ddbc7bc7621a458aa09c0e4a525","5.76","7","12120.68","13.3792","25/02/20 09:02:00","USDCe","USDT"
"0x258dc08f00fbc747236d2a76e06aff8c4e1714b4","0x7c0e966462208ddbc7bc7621a458aa09c0e4a525","5.75","69","784.10","8.4017","25/02/27 01:02:00","USDC.e","USDT"
"0x8a702ec3948fc97313d47f2a95dc516a30f93f81","0xc751b73e97e2bd7d141989ba418772223db93664","5.73","5","172.16","0.1220","25/05/01 14:05:00","USDC.e","USDT"
"0x2f4277ddf3dd37d03c82b2f0f1c4112019425bed","0xc751b73e97e2bd7d141989ba418772223db93664","5.72","5","60.55","0.0415","25/05/01 17:05:00","USDC.e","USDT"
"0x1c96554bfc81c329361c0918f6f8985ae28acdfd","0x7c0e966462208ddbc7bc7621a458aa09c0e4a525","5.71","80","19971.60","247.3300","25/02/15 23:02:00","USDC.e","USDT"
"0x01666c82690745fb71ccc4910ca25a4ea19f95a5","0x7c0e966462208ddbc7bc7621a458aa09c0e4a525","5.71","9","2556.88","3.6011","25/04/10 16:04:00","USDCe","USDT"
"0x27164e2a13158c1a796728f7e2460933e9e3a44f","0x7c0e966462208ddbc7bc7621a458aa09c0e4a525","5.70","1","504.67","0.0787","25/04/08 09:04:00","USDCe","USDT"
"0x00faf87b90a576561d25bbaba9aa334cdf05325b","0x7c0e966462208ddbc7bc7621a458aa09c0e4a525","5.65","4","270.00","0.1672","25/02/22 23:02:00","USDCe","USDT"
"0xd29f97e32cdd04c3af3c0e01fa313c3b9fdf5ceb","0xc751b73e97e2bd7d141989ba418772223db93664","5.64","4","49.99","0.0281","25/05/02 11:05:00","USDC.e","USDT"
"0x9419b5a1453bb8ad923aeadf75fa1cdea7c13b0f","0x7c0e966462208ddbc7bc7621a458aa09c0e4a525","5.64","7","97.14","0.1051","25/02/20 11:02:00","USDCe","USDT"
"0x0421fa1f9f228934332cc11de6f66497f43fb734","0x7c0e966462208ddbc7bc7621a458aa09c0e4a525","5.62","70","93.70","1.0062","25/02/25 08:02:00","USDC.e","USDT"
"0xcf90242288344df55b22bbc1addfe0a31bce91b7","0xc751b73e97e2bd7d141989ba418772223db93664","5.59","4","499.36","0.2487","25/05/02 20:05:00","USDC.e","USDT"
"0x0625ad46632162abafb0114503e1f144f078f07b","0xc751b73e97e2bd7d141989ba418772223db93664","5.58","4","999.76","0.4946","25/05/02 20:05:00","USDC.e","USDT"
"0xf3f2dd38b2ed2f2e80fdf910671de38b022b2b53","0xc751b73e97e2bd7d141989ba418772223db93664","5.57","81","99.90","1.2257","25/02/14 18:02:00","USDC.e","USDT"
"0xdbdda15663cdfe1438a19d0126674420f7047b32","0x7c0e966462208ddbc7bc7621a458aa09c0e4a525","5.56","1","499.29","0.0761","25/02/20 12:02:00","USDCe","USDT"
"0xb21f69a8eba1475c96c09e8c62842dcc16f0d441","0x7c0e966462208ddbc7bc7621a458aa09c0e4a525","5.55","7","80361.02","85.6072","25/02/14 07:02:00","USDCe","USDT"
"0x81e5cd02af0b76b6a3b5c1cc2ba7657eb8183850","0x7c0e966462208ddbc7bc7621a458aa09c0e4a525","5.54","35","24653.70","130.9627","25/02/14 18:02:00","USDCe","USDT"
"0xcbcc3d5389906c1f03535f539a93267e30cf9823","0x7c0e966462208ddbc7bc7621a458aa09c0e4a525","5.53","2","1631.30","0.4942","25/04/10 04:04:00","USDCe","USDT"
"0x614f9c3d56206731b5bce592df0fd841f453a41c","0xc751b73e97e2bd7d141989ba418772223db93664","5.52","3","24.09","0.0108","25/05/03 03:05:00","USDC.e","USDT"
"0xd6b03beb964f1b0d20ab73436a3360f856488e82","0x7c0e966462208ddbc7bc7621a458aa09c0e4a525","5.52","1","2724.31","0.4117","25/02/20 15:02:00","USDCe","USDT"
"0xf996fef29a062ce7eee66a6c595eccbf67d173d3","0xc751b73e97e2bd7d141989ba418772223db93664","5.48","1","55.83","0.0019","25/05/05 21:05:00","USDC.e","USDT"
"0x1aa4fe39273ba7bf877e10f607e76e38695d0bfe","0x7c0e966462208ddbc7bc7621a458aa09c0e4a525","5.48","32","1052.49","5.0553","25/03/26 06:03:00","USDCe","USDT"
"0x8d8701c5aec4f1a45b107cd5fb007975b0051823","0xc751b73e97e2bd7d141989ba418772223db93664","5.47","1","199.97","0.0274","25/05/05 04:05:00","USDC.e","USDT"
"0x1b5cecf78454b8534affcbb9f53e21640ec4088e","0xc751b73e97e2bd7d141989ba418772223db93664","5.47","1","999.87","0.0224","25/05/05 22:05:00","USDC.e","USDT"
"0x2d88016d3d0a209e0bada929711d5e4999df74d5","0x7c0e966462208ddbc7bc7621a458aa09c0e4a525","5.45","46","1398.00","9.5965","25/02/15 18:02:00","USDCe","USDT"
"0xf30f50b199665dd7ff1b4dbaec69001063eceb3f","0x7c0e966462208ddbc7bc7621a458aa09c0e4a525","5.38","5","100042.34","73.6871","25/04/12 19:04:00","USDCe","USDT"
"0x111e0026016e81fe5b7aed9434b2e80c471ed198","0xc751b73e97e2bd7d141989ba418772223db93664","5.36","1","546.06","0.0037","25/05/06 01:05:00","USDC.e","USDT"
"0x10e6bdbef34d5279e729142a19b0bce07813b6a8","0x7c0e966462208ddbc7bc7621a458aa09c0e4a525","5.36","64","11485.00","107.8530","25/02/18 21:02:00","USDCe","USDT"
"0xc7a074e087270b2dba0c50e432a46828cffe6157","0x7c0e966462208ddbc7bc7621a458aa09c0e4a525","5.30","21","49.96","0.1523","25/02/20 22:02:00","USDCe","USDT"
"0x9d17bb55b57b31329cf01aa7017948e398b277bc","0x7c0e966462208ddbc7bc7621a458aa09c0e4a525","5.25","3","20005.72","8.6308","25/04/10 05:04:00","USDCe","USDT"
"0xa8c24c16ad11d008eba1695d37417b47ab461a98","0xc751b73e97e2bd7d141989ba418772223db93664","5.19","61","29989.70","256.1890","25/03/07 01:03:00","USDC.e","USDT"
"0x36d9c3870c8448ca830a0b421694bb1caff4e45f","0x7c0e966462208ddbc7bc7621a458aa09c0e4a525","5.19","10","4990.56","7.0959","25/03/14 15:03:00","USDCe","USDT"
"0xceb0b1c7d420962ae40ee7d7931836cf84097c28","0x7c0e966462208ddbc7bc7621a458aa09c0e4a525","5.17","3","29996.55","12.7375","25/02/20 09:02:00","USDCe","USDT"
"0xd9fdfea5960b4210db3ecba4a0fb300ee69c5172","0x7c0e966462208ddbc7bc7621a458aa09c0e4a525","5.15","22","11.36","0.0352","25/02/19 02:02:00","USDCe","USDT"
"0x24caa4399334777f99de433fc62c60f43b10c082","0x7c0e966462208ddbc7bc7621a458aa09c0e4a525","5.14","20","2000.00","5.6323","25/02/20 20:02:00","USDCe","USDT"
"0xd0ccd3d71324eb761cf27dd7731db0c783114028","0x7c0e966462208ddbc7bc7621a458aa09c0e4a525","5.10","3","40616.38","17.0269","25/02/23 09:02:00","USDCe","USDT"
"0xc66ce5746e04b74ae89d0013d6bfddf66bdd11f0","0x7c0e966462208ddbc7bc7621a458aa09c0e4a525","5.08","4","1000.10","0.5564","25/02/21 10:02:00","USDCe","USDT"
"0x130a5360e4ec92bde7f535ca05bb6171e6411612","0x7c0e966462208ddbc7bc7621a458aa09c0e4a525","5.07","14","46.22","0.0898","25/04/01 16:04:00","USDCe","USDT"
"0x1d63b855c7cccc8339c19114ee46f5c735afbf4c","0xc751b73e97e2bd7d141989ba418772223db93664","5.05","32","0.15","0.0006","25/04/04 09:04:00","USDC.e","USDT"
"0x6c951f3ac34015b3b458f6208ef96305fa09c9a5","0x7c0e966462208ddbc7bc7621a458aa09c0e4a525","5.03","7","2369.27","2.2871","25/04/10 16:04:00","USDCe","USDT"
"0x0ee38cff8e3dce4549316d4c6d9cfe3092dec3bf","0x7c0e966462208ddbc7bc7621a458aa09c0e4a525","5.01","59","2217.33","17.7344","25/03/08 18:03:00","USDC.e","USDT"
"0xbae16ff58aa9620465c869594742933d7b16f905","0x7c0e966462208ddbc7bc7621a458aa09c0e4a525","5.01","19","43.60","0.1138","25/02/20 08:02:00","USDCe","USDT"
"0xdcff316bcda6674672e6c21a32496ac61d3b12a0","0x7c0e966462208ddbc7bc7621a458aa09c0e4a525","4.97","50","688.53","4.6922","25/02/20 10:02:00","USDCe","USDT"
"0x0b3819b632ce3ad71402995f53ab1f6828a9ab58","0xc751b73e97e2bd7d141989ba418772223db93664","4.95","34","19.94","0.0895","25/04/02 23:04:00","USDC.e","USDT"
"0x9ffae218b2259ae13303c0aed4f7da4ff8231fe0","0x7c0e966462208ddbc7bc7621a458aa09c0e4a525","4.90","14","20.00","0.0376","25/02/20 05:02:00","USDCe","USDT"
"0x129759bdc87797e4a8ffe91197a835896fbb128a","0xc751b73e97e2bd7d141989ba418772223db93664","4.85","62","0.59","0.0048","25/03/05 20:03:00","USDC.e","USDT"
"0x6a99b571083bf4d69fa1b672214601469737fca5","0xc751b73e97e2bd7d141989ba418772223db93664","4.85","35","24.99","0.1155","25/04/01 06:04:00","USDC.e","USDT"
"0x65820d159ae4d98e900eb221374a729adc70b677","0xc751b73e97e2bd7d141989ba418772223db93664","4.83","76","35.58","0.3537","25/02/19 23:02:00","USDC.e","USDT"
"0x6e73eca0190b68f0e6e71dd36a0722a8ad64bd15","0xc751b73e97e2bd7d141989ba418772223db93664","4.82","66","5.07","0.0437","25/03/01 20:03:00","USDC.e","USDT"
"0x70a955ad98b3515105619c729f3b35602e5da165","0x7c0e966462208ddbc7bc7621a458aa09c0e4a525","4.81","2","965.58","0.2543","25/02/25 08:02:00","USDCe","USDT"
"0x83943a422b5ec0be815ca5c9adc4a39a00097920","0xc751b73e97e2bd7d141989ba418772223db93664","4.80","74","14.99","0.1441","25/02/22 00:02:00","USDC.e","USDT"
"0xc6e4ad3ccdfc65687d2d60a454a8bddc1f4d6c06","0xc751b73e97e2bd7d141989ba418772223db93664","4.80","67","99.99","0.8721","25/02/28 17:02:00","USDC.e","USDT"
"0xc96dede7868f8c190208a22812fd3539e9e2caf6","0x7c0e966462208ddbc7bc7621a458aa09c0e4a525","4.80","39","49.98","0.2563","25/03/02 22:03:00","USDCe","USDT"
"0x0d4d8b0ebca8982a6759affb30fb35eed5327042","0x7c0e966462208ddbc7bc7621a458aa09c0e4a525","4.78","5","248430.15","162.6736","25/03/04 02:03:00","USDCe","USDT"
"0xc9c628a45a5aea84ca17aed2c842928b6ba2ed59","0xc751b73e97e2bd7d141989ba418772223db93664","4.75","69","2.05","0.0183","25/02/26 10:02:00","USDC.e","USDT"
"0x86c9f1392c5c7f7bbcb7ae8f4659266de4eea030","0x7c0e966462208ddbc7bc7621a458aa09c0e4a525","4.75","13","80007.51","135.2220","25/02/20 03:02:00","USDCe","USDT"
"0x6f5e4eee6ee941c3e639c72e28e379e151e0ae49","0xc751b73e97e2bd7d141989ba418772223db93664","4.72","59","87.93","0.6713","25/03/08 02:03:00","USDC.e","USDT"
"0xc348b5dd7c64a47ef461cd325611b7b8155d16bc","0x7c0e966462208ddbc7bc7621a458aa09c0e4a525","4.71","5","14482.36","9.3442","25/04/10 09:04:00","USDCe","USDT"
"0xa609388ec932e26500036e4a80ff3fa13507f408","0x7c0e966462208ddbc7bc7621a458aa09c0e4a525","4.67","1","4304.74","0.5505","25/02/21 11:02:00","USDCe","USDT"
"0xbcc819f5e532f837b8ae8b61c776f2ee3621da19","0xc751b73e97e2bd7d141989ba418772223db93664","4.63","53","55.08","0.3656","25/03/14 18:03:00","USDC.e","USDT"
"0xf28a43db34ff9292bee72559db766228828de059","0x7c0e966462208ddbc7bc7621a458aa09c0e4a525","4.61","51","32154.96","207.1389","25/02/14 00:02:00","USDCe","USDT"
"0xe695cf91811dbc72733e3cc8c6dd679695e0d895","0x7c0e966462208ddbc7bc7621a458aa09c0e4a525","4.61","27","173.68","0.5926","25/02/18 23:02:00","USDCe","USDT"
"0x3aa4fa3490cbe402160013df4c001f0c8bffa58f","0x7c0e966462208ddbc7bc7621a458aa09c0e4a525","4.60","58","5.46","0.0394","25/03/09 18:03:00","USDC.e","USDT"
"0x6d06b249cc9e70272ca6faa65b0e0c922b99ae98","0x7c0e966462208ddbc7bc7621a458aa09c0e4a525","4.57","14","250.00","0.4379","25/02/26 06:02:00","USDCe","USDT"
"0xd8baf09c521c7dda73cb57e4218139bfa94435b1","0x7c0e966462208ddbc7bc7621a458aa09c0e4a525","4.55","12","203852.17","305.0388","25/02/21 00:02:00","USDCe","USDT"
"0x929fa0cc356ad34b2ab62c1519815d30e8c193fa","0x7c0e966462208ddbc7bc7621a458aa09c0e4a525","4.54","47","389824.78","2277.8852","25/02/20 20:02:00","USDCe","USDT"
"0x39e27c5cb0a1243380b18f99c89e72fdc08837b1","0x7c0e966462208ddbc7bc7621a458aa09c0e4a525","4.54","3","1000.15","0.3728","25/04/14 19:04:00","USDCe","USDT"
"0x6eb11c226e616940284b4e416fa88b82ddaba7af","0xc751b73e97e2bd7d141989ba418772223db93664","4.52","45","237.98","1.3108","25/03/22 14:03:00","USDC.e","USDT"
"0x734a6703d3b2aee4e3850e5cb6c5d88893c7ad6c","0xc751b73e97e2bd7d141989ba418772223db93664","4.51","45","499.91","2.7282","25/03/22 21:03:00","USDC.e","USDT"
"0xd0f6f9fdb31e76bde695976e20030522f71d342f","0x7c0e966462208ddbc7bc7621a458aa09c0e4a525","4.51","14","244044.80","421.9104","25/02/21 01:02:00","USDCe","USDT"
"0x4af531a7696b79a38ae7f70f0927f3c798c0e652","0x7c0e966462208ddbc7bc7621a458aa09c0e4a525","4.50","34","92340.29","387.2929","25/03/05 15:03:00","USDCe","USDT"
"0x27ab111c7348081f404fd66729fa10a29f6d7ba7","0xc751b73e97e2bd7d141989ba418772223db93664","4.48","46","3483.78","19.2771","25/03/22 01:03:00","USDC.e","USDT"
"0x9a747f0058bbd31b1da9f79688eea1ad4d081b74","0xc751b73e97e2bd7d141989ba418772223db93664","4.46","46","77.18","0.4335","25/03/21 02:03:00","USDC.e","USDT"
"0xa24a72015c521bb07c2fdadac2e295ec1f826e89","0xc751b73e97e2bd7d141989ba418772223db93664","4.46","46","2.00","0.0112","25/03/21 08:03:00","USDC.e","USDT"
"0x43fcbea4fc6f358f035dd5a95190b3c2e19b5451","0xc751b73e97e2bd7d141989ba418772223db93664","4.44","48","59.15","0.3446","25/03/19 03:03:00","USDC.e","USDT"
"0xbd310de6bd2983c4ee5ad3ad7ed90f923cd59039","0x7c0e966462208ddbc7bc7621a458aa09c0e4a525","4.43","11","99997.00","133.6401","25/02/20 08:02:00","USDCe","USDT"
"0x7c0bafbbfdb3f1bdc542e871fa5721a027a9410b","0x7c0e966462208ddbc7bc7621a458aa09c0e4a525","4.40","2","45000.00","10.8582","25/03/09 23:03:00","USDCe","USDT"
"0xb38b9a414294865a2df88c76f10b2423d025091c","0xc751b73e97e2bd7d141989ba418772223db93664","4.35","26","44358.40","137.0940","25/04/10 04:04:00","USDC.e","USDT"
"0xbad6803eb0a3e3716475b5b553d7b533cb2864cb","0x7c0e966462208ddbc7bc7621a458aa09c0e4a525","4.32","2","119.65","0.0283","25/02/19 05:02:00","USDCe","USDT"
"0x9ec823021f2d4e83f6d67b66e053376513fb6832","0x7c0e966462208ddbc7bc7621a458aa09c0e4a525","4.25","2","475.55","0.1108","25/04/12 15:04:00","USDCe","USDT"
"0xc8ec318bd5d7339d6093242d09e339a5bd31e83d","0x7c0e966462208ddbc7bc7621a458aa09c0e4a525","4.13","3","648.00","0.2202","25/02/24 21:02:00","USDCe","USDT"
"0xbf4456c5d6eff4b5f0aefa5372f13216af0285d9","0x7c0e966462208ddbc7bc7621a458aa09c0e4a525","4.12","1","75786.43","8.5636","25/03/05 16:03:00","USDCe","USDT"
"0x0e8ae6a0ec99ec05493106e3d09016332c151739","0xc751b73e97e2bd7d141989ba418772223db93664","4.07","78","499.52","4.3208","25/02/17 14:02:00","USDC.e","USDT"
"0xc2e77bc5a7e3037cacc3fa702f4267a28b797805","0xc751b73e97e2bd7d141989ba418772223db93664","4.06","80","894.84","7.9076","25/02/15 14:02:00","USDC.e","USDT"
"0xf76e0176494608dc2fd1592917dab33b6d2e3ed9","0x7c0e966462208ddbc7bc7621a458aa09c0e4a525","4.05","11","96595.56","117.8659","25/02/15 02:02:00","USDCe","USDT"
"0x5a40ab806a038afe9c4ef413d36b6356a5e4d2c5","0x7c0e966462208ddbc7bc7621a458aa09c0e4a525","3.99","1","149403.36","16.3313","25/02/20 04:02:00","USDCe","USDT"
"0xb0640e7dd1dbb144928dfce54253aa47c8f11960","0x7c0e966462208ddbc7bc7621a458aa09c0e4a525","3.93","25","93224.83","250.6401","25/03/13 20:03:00","USDCe","USDT"
"0x8325aff2ccc014468cdf20f2538d8534db7a100f","0x7c0e966462208ddbc7bc7621a458aa09c0e4a525","3.92","49","681.52","3.5201","25/03/19 00:03:00","USDC.e","USDT"
"0xb50685c25485ca8c520f5286bbbf1d3f216d6989","0xc751b73e97e2bd7d141989ba418772223db93664","3.90","40","0.12","0.0005","25/03/27 09:03:00","USDC.e","USDT"
"0xc9336fbd6d9b6ae2cdcf4e0a8e6370eac3f2d2b7","0x7c0e966462208ddbc7bc7621a458aa09c0e4a525","3.86","8","1013.03","0.8565","25/02/24 01:02:00","USDCe","USDT"
"0x30a2837f3d319a3e1984de5a32c0df310e2496b7","0x7c0e966462208ddbc7bc7621a458aa09c0e4a525","3.79","1","300274.51","31.1481","25/02/26 05:02:00","USDCe","USDT"
"0x0ee38cff8e3dce4549316d4c6d9cfe3092dec3bf","0xc751b73e97e2bd7d141989ba418772223db93664","3.77","59","2010.28","12.1200","25/03/08 18:03:00","USDC.e","USDT"
"0xf3b45b4dd926a88a262a86a237297fe747d9f80d","0x7c0e966462208ddbc7bc7621a458aa09c0e4a525","3.75","8","2992.42","2.4566","25/02/25 07:02:00","USDCe","USDT"
"0xc713842ad4501a37220b19656a6bc1b96b4c1ff2","0x7c0e966462208ddbc7bc7621a458aa09c0e4a525","3.71","66","117.96","0.7852","25/03/01 15:03:00","USDC.e","USDT"
"0xf08a06fa7f3b74ffc4eb00922cc8ce3c4d539506","0x7c0e966462208ddbc7bc7621a458aa09c0e4a525","3.69","8","180181.29","145.7922","25/02/26 23:02:00","USDCe","USDT"
"0xde9c31ef16851db0f02d33f3c82db8ea74fb6726","0x7c0e966462208ddbc7bc7621a458aa09c0e4a525","3.66","7","389.34","0.2734","25/02/25 15:02:00","USDCe","USDT"
"0x6a4a2b7d3763054da63ec3ac85253e914acd9668","0x7c0e966462208ddbc7bc7621a458aa09c0e4a525","3.58","7","6950.29","4.7784","25/02/26 01:02:00","USDCe","USDT"
"0xbcdcf356f30ecc5f543dee5523e5b94a7685b7f8","0x7c0e966462208ddbc7bc7621a458aa09c0e4a525","3.54","7","25330.10","17.2119","25/02/26 00:02:00","USDCe","USDT"
"0xc600a8fa92995c40f383e12d5e1445e4d3d3ca33","0x7c0e966462208ddbc7bc7621a458aa09c0e4a525","3.54","1","684.48","0.0664","25/04/09 18:04:00","USDCe","USDT"
"0xb86dd2c89ec82cf7940d97c5e5e397cb94b455d6","0x7c0e966462208ddbc7bc7621a458aa09c0e4a525","3.49","6","100104.98","57.3980","25/02/26 22:02:00","USDCe","USDT"
"0xfaf634be4508554b3d9022c04fb00eb30812cf77","0x7c0e966462208ddbc7bc7621a458aa09c0e4a525","3.41","26","561.15","1.3636","25/02/21 00:02:00","USDCe","USDT"
"0xad3864b39fc5b551769052ebfd0db9414644eda6","0x7c0e966462208ddbc7bc7621a458aa09c0e4a525","3.40","27","41721.67","105.0231","25/03/04 19:03:00","USDCe","USDT"
"0x5e8e79f1d05dff8bfb9ab83fb9ea0c66150e75f5","0x7c0e966462208ddbc7bc7621a458aa09c0e4a525","3.37","6","8346.44","4.6295","25/02/14 21:02:00","USDCe","USDT"
"0x93be03741723711fee4925188fb8c918fe844807","0x7c0e966462208ddbc7bc7621a458aa09c0e4a525","3.36","2","793.51","0.1463","25/02/28 08:02:00","USDCe","USDT"
"0xaf6474318eaacd310326e9d55e4f2c6a55315238","0xc751b73e97e2bd7d141989ba418772223db93664","3.32","28","300.48","0.7639","25/04/08 02:04:00","USDC.e","USDT"
"0xe91979ab46db8c6184b7277842b167ba6cf6f229","0x7c0e966462208ddbc7bc7621a458aa09c0e4a525","3.32","4","35581.97","12.9520","25/03/19 07:03:00","USDCe","USDT"
"0x4f835aa9c21c13a31a93a8b3a94027c2f3a21d99","0x7c0e966462208ddbc7bc7621a458aa09c0e4a525","3.26","8","4998.83","3.5672","25/03/19 18:03:00","USDCe","USDT"
"0x0b900e9fd1a345c643e995c6fea4a3ce9fadfcdf","0x7c0e966462208ddbc7bc7621a458aa09c0e4a525","3.25","68","14.96","0.0895","25/02/27 22:02:00","USDC.e","USDT"
"0xa14010166d72ff3cc101c29e95d12adb06146475","0x7c0e966462208ddbc7bc7621a458aa09c0e4a525","3.22","20","84390.08","148.9102","25/02/14 10:02:00","USDCe","USDT"
"0x62c05db7afa1ace897c5ad88b6219199e438f66e","0x7c0e966462208ddbc7bc7621a458aa09c0e4a525","3.22","3","498.24","0.1317","25/03/21 12:03:00","USDCe","USDT"
"0xbb0c1e9297b0d851402475dc6689ae5ffcb9bbd9","0x7c0e966462208ddbc7bc7621a458aa09c0e4a525","3.19","27","1185.99","2.8011","25/04/06 21:04:00","USDCe","USDT"
"0x082b9b776e5d0b1771594676d12619f479b0a69c","0x7c0e966462208ddbc7bc7621a458aa09c0e4a525","3.17","1","998.97","0.0866","25/02/20 09:02:00","USDCe","USDT"
"0x785dd25f14a00e422a0562696397ebcaeb5c8f1b","0x7c0e966462208ddbc7bc7621a458aa09c0e4a525","3.15","5","701077.45","302.6793","25/02/28 10:02:00","USDCe","USDT"
"0xb9c44251e341d45b07aff34f376ba3e092c1c174","0xc751b73e97e2bd7d141989ba418772223db93664","3.14","54","4998.61","23.0155","25/03/13 13:03:00","USDC.e","USDT"
"0x6e9702e45d6f5d554cfba7dbc3a8b0bd260c88ae","0x7c0e966462208ddbc7bc7621a458aa09c0e4a525","3.09","6","1498.26","0.7618","25/02/26 08:02:00","USDCe","USDT"
"0xa1065ed300b25568402044a677b871aba4a5a0d5","0x7c0e966462208ddbc7bc7621a458aa09c0e4a525","3.06","6","484.71","0.2441","25/03/22 01:03:00","USDCe","USDT"
"0x697b260e66f8a033d15a4332a2d6b0da996a8710","0x7c0e966462208ddbc7bc7621a458aa09c0e4a525","3.05","1","2210.14","0.1847","25/03/19 09:03:00","USDCe","USDT"
"0x69e039d6010bddf601271c2b51e126f987850c68","0x7c0e966462208ddbc7bc7621a458aa09c0e4a525","3.04","6","1012.55","0.5052","25/02/26 19:02:00","USDCe","USDT"
"0x1b61da9676ebf339622119411271d9ef74a0bb27","0xc751b73e97e2bd7d141989ba418772223db93664","3.03","4","4998.82","1.5256","25/05/02 10:05:00","USDC.e","USDT"
"0x38aa2741d35366af606d5f455151cc50ae9e2813","0x7c0e966462208ddbc7bc7621a458aa09c0e4a525","3.00","20","197647.91","324.9044","25/03/18 14:03:00","USDCe","USDT"
"0x420b1ed011aeed62ca141ef53715e86b888d90de","0x7c0e966462208ddbc7bc7621a458aa09c0e4a525","3.00","2","126760.12","20.8446","25/02/26 13:02:00","USDCe","USDT"
"0x7309e1582d611d3ef9dba6fce709f177240e0fd9","0x7c0e966462208ddbc7bc7621a458aa09c0e4a525","2.99","67","93.08","0.5054","25/02/28 19:02:00","USDC.e","USDT"
"0x4aa63e8115c5b29a3e0e062a77c11592931453dc","0x7c0e966462208ddbc7bc7621a458aa09c0e4a525","2.99","18","24577.39","36.2456","25/02/16 10:02:00","USDCe","USDT"
"0x0cba20acc558bc9af977e4b3517ac0dbfd25d3bc","0x7c0e966462208ddbc7bc7621a458aa09c0e4a525","2.94","19","179933.91","275.8363","25/03/19 18:03:00","USDCe","USDT"
"0x5cbf892e7e96f5991a9362bc509638467a75f1d1","0x7c0e966462208ddbc7bc7621a458aa09c0e4a525","2.93","20","169974.98","272.7423","25/03/19 18:03:00","USDCe","USDT"
"0x7216e5d19f5b603bdd1fb9c6793d7defb6aef610","0x7c0e966462208ddbc7bc7621a458aa09c0e4a525","2.93","20","179982.29","289.1799","25/03/19 17:03:00","USDCe","USDT"
"0xb21ac070867a9918612ab46ea6d9f576abed5066","0x7c0e966462208ddbc7bc7621a458aa09c0e4a525","2.93","19","179931.31","274.5058","25/03/19 18:03:00","USDCe","USDT"
"0x24b28dfec7b91972682401d90ff7a573abb95abf","0x7c0e966462208ddbc7bc7621a458aa09c0e4a525","2.93","20","159968.49","256.4300","25/03/19 18:03:00","USDCe","USDT"
"0x703fe82c8f07175319555617e66a5d02d5de939b","0x7c0e966462208ddbc7bc7621a458aa09c0e4a525","2.92","19","264692.34","401.7135","25/03/20 16:03:00","USDCe","USDT"
"0xc4974ecf75c3e1e142861f84977b2064a926e616","0x7c0e966462208ddbc7bc7621a458aa09c0e4a525","2.92","5","743.32","0.2969","25/03/19 08:03:00","USDCe","USDT"
"0xe3053ce05c1c256e2d10c9fe92435466bda4101f","0x7c0e966462208ddbc7bc7621a458aa09c0e4a525","2.91","6","5.71","0.0027","25/03/19 13:03:00","USDCe","USDT"
"0xbc69afb96bc22fec954e2489bdf0a3fd7fe1fa28","0x7c0e966462208ddbc7bc7621a458aa09c0e4a525","2.88","9","1241.43","0.8807","25/03/19 07:03:00","USDCe","USDT"
"0x087dabe5511e2519858dc0cd0b1107ca678fa502","0xc751b73e97e2bd7d141989ba418772223db93664","2.81","43","197.46","0.6483","25/03/24 12:03:00","USDC.e","USDT"
"0x031ca7f8f00de66a56ead8d27125e377f7923718","0x7c0e966462208ddbc7bc7621a458aa09c0e4a525","2.79","11","219482.97","184.2181","25/03/28 00:03:00","USDCe","USDT"
"0x75c47367d78eca9aba271e85953754bb5bcc49c0","0x7c0e966462208ddbc7bc7621a458aa09c0e4a525","2.77","11","286673.14","239.6059","25/03/28 01:03:00","USDCe","USDT"
"0x58374fa7cad2fd34ed1cc95672eb01829e9d993f","0x7c0e966462208ddbc7bc7621a458aa09c0e4a525","2.76","1","568.25","0.0430","25/02/28 09:02:00","USDCe","USDT"
"0xf06e5fc736793ce732c895b8126e5e258f529517","0x7c0e966462208ddbc7bc7621a458aa09c0e4a525","2.76","11","136321.03","113.5278","25/03/28 02:03:00","USDCe","USDT"
"0xa2fa645bd325c9be4436ed24b40fe2722983d232","0x7c0e966462208ddbc7bc7621a458aa09c0e4a525","2.74","1","99397.67","7.4620","25/02/25 19:02:00","USDCe","USDT"
"0xccbd0960d994ec1c7146a631a126b00c30d47a01","0x7c0e966462208ddbc7bc7621a458aa09c0e4a525","2.68","11","4572.07","3.6968","25/02/14 01:02:00","USDCe","USDT"
"0x8abc5a676b7741132eea160fad51b5c9009678fd","0x7c0e966462208ddbc7bc7621a458aa09c0e4a525","2.68","12","114110.46","100.4145","25/03/27 14:03:00","USDCe","USDT"
"0x4ca8ad3a20848ac6f5dbb14cc02fce8c037d11da","0x7c0e966462208ddbc7bc7621a458aa09c0e4a525","2.66","77","199.78","1.1164","25/02/18 10:02:00","USDC.e","USDT"
"0xe9c0df9bd4607850d410c957fec11ec209de5ef6","0x7c0e966462208ddbc7bc7621a458aa09c0e4a525","2.66","1","12094.70","0.8809","25/03/05 10:03:00","USDCe","USDT"
"0x5c13b9d1ed03f9e80554b725067a873d43c6246e","0x7c0e966462208ddbc7bc7621a458aa09c0e4a525","2.60","2","3078.12","0.4377","25/03/19 14:03:00","USDCe","USDT"
"0x129759bdc87797e4a8ffe91197a835896fbb128a","0x7c0e966462208ddbc7bc7621a458aa09c0e4a525","2.59","68","4095.45","19.5090","25/02/28 00:02:00","USDC.e","USDT"
"0x963784bb5996cb735b8a778ec7f1483c81c77694","0x7c0e966462208ddbc7bc7621a458aa09c0e4a525","2.59","12","158486.92","135.1451","25/03/27 20:03:00","USDCe","USDT"
"0xb50ac90011c7d4babf215a518d35733ca343b551","0xc751b73e97e2bd7d141989ba418772223db93664","2.58","54","239.45","0.9096","25/03/13 07:03:00","USDC.e","USDT"
"0x7b28169caa44794b64a9d2db3b4c7a0ec4fbfd17","0x7c0e966462208ddbc7bc7621a458aa09c0e4a525","2.58","1","600.00","0.0424","25/03/20 07:03:00","USDCe","USDT"
"0x8426ce3bf33a989767111e42554f6b2df4a0f00c","0xc751b73e97e2bd7d141989ba418772223db93664","2.53","25","517.96","0.8827","25/04/11 11:04:00","USDC.e","USDT"
"0xbae9b8714de1c8b4c147894de2db87ed3a1a622f","0x7c0e966462208ddbc7bc7621a458aa09c0e4a525","2.50","1","19779.37","1.3529","25/05/01 21:05:00","USDCe","USDT"
"0x88f7e78afd49449f3faebd68592c55bff800bf03","0x7c0e966462208ddbc7bc7621a458aa09c0e4a525","2.40","2","5401.25","0.7096","25/03/02 15:03:00","USDCe","USDT"
"0xdcd08f7bab070b20058c585ccd73af035e573076","0x7c0e966462208ddbc7bc7621a458aa09c0e4a525","2.39","7","114948.50","52.7624","25/04/10 09:04:00","USDCe","USDT"
"0x662ace332b9656ff7378d95880d82e883f992032","0xc751b73e97e2bd7d141989ba418772223db93664","2.37","34","2353.64","5.2063","25/04/02 02:04:00","USDC.e","USDT"
"0xe5b85b2d6a765b64d23089039bb76198cd65e0e1","0xc751b73e97e2bd7d141989ba418772223db93664","2.33","64","38.15","0.1546","25/03/03 15:03:00","USDC.e","USDT"
"0x88878fbc237e8aa12fd99a06c97d02418183ffd0","0xc751b73e97e2bd7d141989ba418772223db93664","2.31","71","47059.80","209.3610","25/02/24 17:02:00","USDC.e","USDT"
"0x7f72d8e4d53a9acc52e40c01d504c9ed7099b512","0x7c0e966462208ddbc7bc7621a458aa09c0e4a525","2.16","2","40020.80","4.7388","25/03/19 12:03:00","USDCe","USDT"
"0x2cf3480c8d6669768e1c2ddb5bb2b184eed099f4","0x7c0e966462208ddbc7bc7621a458aa09c0e4a525","2.10","23","130.00","0.1657","25/04/13 23:04:00","USDC.e","USDT"
"0x61a8d624ec94e0c9cb36da49cdfad70df046986a","0x7c0e966462208ddbc7bc7621a458aa09c0e4a525","2.06","47","253408.24","671.1747","25/02/20 03:02:00","USDCe","USDT"
"0x230696f6bbda93cfe829f3ef4046820f09904333","0x7c0e966462208ddbc7bc7621a458aa09c0e4a525","2.00","54","999.43","2.9178","25/03/13 16:03:00","USDC.e","USDT"
"0x432fcd67815d5cc72808a7815a02373fdee7d740","0xc751b73e97e2bd7d141989ba418772223db93664","1.95","33","19994.90","34.7718","25/04/03 15:04:00","USDC.e","USDT"
"0xd0b53c43d3e0b58909c38487aa0c3af7dfa2d8c0","0x7c0e966462208ddbc7bc7621a458aa09c0e4a525","1.94","75","49951.20","197.3890","25/02/20 18:02:00","USDC.e","USDT"
"0xd9213cd1d8ea4cab34aa001c0d04bf2f576055e2","0x7c0e966462208ddbc7bc7621a458aa09c0e4a525","1.85","65","3435.26","11.1673","25/03/02 23:03:00","USDC.e","USDT"
"0x145f46aa54dd11cbd96c4f85c73b0db3ac9270c0","0x7c0e966462208ddbc7bc7621a458aa09c0e4a525","1.81","69","339.60","1.1601","25/02/26 03:02:00","USDC.e","USDT"
"0x1b648ade1ef219c87987cd60eba069a7faf1621f","0x7c0e966462208ddbc7bc7621a458aa09c0e4a525","1.81","35","170893.95","296.5099","25/02/13 20:02:00","USDCe","USDT"
"0x63565663169428048a4c69f278129d1214603b54","0xc751b73e97e2bd7d141989ba418772223db93664","1.77","55","62.32","0.1651","25/03/12 07:03:00","USDC.e","USDT"
"0x2b7403bdb196fa5fc0e4f779600a084be0d8422e","0x7c0e966462208ddbc7bc7621a458aa09c0e4a525","1.77","16","40034.37","31.1127","25/02/18 02:02:00","USDCe","USDT"
"0xc50965e638cf07fb735d48d40c53c8e64c2add7c","0x7c0e966462208ddbc7bc7621a458aa09c0e4a525","1.75","5","1047221.90","250.6750","25/02/15 12:02:00","USDCe","USDT"
"0xb53e80a9325d8a73628785dcd296b57a0f3f2ea7","0xc751b73e97e2bd7d141989ba418772223db93664","1.73","70","1369.70","4.5301","25/02/25 04:02:00","USDC.e","USDT"
"0xd9b49a81ee72af3c026a2c144c9ffd678a78c8b1","0xc751b73e97e2bd7d141989ba418772223db93664","1.73","69","3999.36","12.9878","25/02/26 17:02:00","USDC.e","USDT"
"0x8c15d5d5df361cbf8e33b1f019e35f47324d9500","0x7c0e966462208ddbc7bc7621a458aa09c0e4a525","1.66","59","149883.00","399.6160","25/03/08 13:03:00","USDC.e","USDT"
"0xb2473871376e10346d4ba5c7971a5d9ec973095b","0xc751b73e97e2bd7d141989ba418772223db93664","1.58","10","200953.00","81.2802","25/04/26 17:04:00","USDC.e","USDT"
"0x7b6e48bce788a1dfe05e588d8cf6d069a575a477","0xc751b73e97e2bd7d141989ba418772223db93664","1.53","67","10960.60","30.5029","25/02/28 15:02:00","USDC.e","USDT"
"0xe4234325e9166b40c9a36f34c4d092cbde01394b","0x7c0e966462208ddbc7bc7621a458aa09c0e4a525","1.49","28","1000.63","1.1285","25/04/08 11:04:00","USDC.e","USDT"
"0xc558c575cead9344401e6b80a3ca0b87d48caec1","0x7c0e966462208ddbc7bc7621a458aa09c0e4a525","1.48","1","103031.02","4.1817","25/02/14 03:02:00","USDCe","USDT"
"0xb243d782448e136e3e81175c291b27f849030f42","0x7c0e966462208ddbc7bc7621a458aa09c0e4a525","1.47","60","752.63","1.8218","25/03/07 04:03:00","USDC.e","USDT"
"0x5c0c8d1cf51ac8e8d970051ac69dbdb1315b6036","0xc751b73e97e2bd7d141989ba418772223db93664","1.40","47","4998.95","8.8849","25/03/20 17:03:00","USDC.e","USDT"
"0xca9b4399de91a9cf9c29b7ed04c6fa4915ad9173","0x7c0e966462208ddbc7bc7621a458aa09c0e4a525","1.36","21","99982.94","77.9992","25/03/05 00:03:00","USDCe","USDT"
"0x8862f038923f24d6b322de32d009db44e8ef0fbb","0x7c0e966462208ddbc7bc7621a458aa09c0e4a525","1.35","6","1146.03","0.2552","25/02/23 22:02:00","USDCe","USDT"
"0x230696f6bbda93cfe829f3ef4046820f09904333","0xc751b73e97e2bd7d141989ba418772223db93664","1.33","54","1003.82","1.9493","25/03/13 16:03:00","USDC.e","USDT"
"0xf315c8bb04b07f5d8f39ef5a7d6c783518bf0988","0xc751b73e97e2bd7d141989ba418772223db93664","1.30","75","99.91","0.2661","25/02/20 12:02:00","USDC.e","USDT"
"0xc110a1f3de308b9355451548d667dcdcddbbf697","0x7c0e966462208ddbc7bc7621a458aa09c0e4a525","1.28","20","14814.21","10.4089","25/04/09 09:04:00","USDCe","USDT"
"0xbca4d68be543dcefb1a8bccb519503f9ba3f2026","0x7c0e966462208ddbc7bc7621a458aa09c0e4a525","1.27","67","177077.90","412.2552","25/02/14 12:02:00","USDCe","USDT"
"0x2dc1056c52c5f7d5e2455c78fe7a5b2e2fbc5613","0x7c0e966462208ddbc7bc7621a458aa09c0e4a525","1.26","62","10001.00","21.3618","25/02/13 21:02:00","USDCe","USDT"
"0x2cf3480c8d6669768e1c2ddb5bb2b184eed099f4","0xc751b73e97e2bd7d141989ba418772223db93664","1.20","23","131.42","0.0954","25/04/13 23:04:00","USDC.e","USDT"
"0xf3a01db5ffc8a8d68fb05ac96743071f092f5c1c","0x7c0e966462208ddbc7bc7621a458aa09c0e4a525","1.19","76","1526.05","3.7304","25/02/19 21:02:00","USDC.e","USDT"
"0x0524f2b8765ee3a1a033311ddc9e2dcaad34b8c3","0x7c0e966462208ddbc7bc7621a458aa09c0e4a525","1.18","47","1005.42","1.5052","25/03/20 15:03:00","USDC.e","USDT"
"0xcc112a107abe98901b9efd9ac4880a143df48083","0x7c0e966462208ddbc7bc7621a458aa09c0e4a525","1.17","77","4240.03","10.3699","25/02/18 15:02:00","USDC.e","USDT"
"0xfc69ab64a4af39cfac708742893eea63976f7caf","0x7c0e966462208ddbc7bc7621a458aa09c0e4a525","1.16","77","2586.68","6.2582","25/02/19 02:02:00","USDC.e","USDT"
"0x36c9ef27f5e85c689792b2812d116a9325f87059","0xc751b73e97e2bd7d141989ba418772223db93664","1.14","67","12.33","0.0256","25/02/28 10:02:00","USDC.e","USDT"
"0x95c7603944bfed303c4c93349cd61f6818931f91","0x7c0e966462208ddbc7bc7621a458aa09c0e4a525","1.13","28","11014.30","9.5063","25/02/28 04:02:00","USDCe","USDT"
"0x6619b0d21cbbcc86207ffd0093646104720bada1","0xc751b73e97e2bd7d141989ba418772223db93664","1.04","82","1499.85","3.4779","25/02/13 19:02:00","USDC.e","USDT"
"0x098ddb5f48ad1daa5f691c4b2ad6360e45a22747","0x7c0e966462208ddbc7bc7621a458aa09c0e4a525","1.00","58","5498.87","8.5957","25/03/09 19:03:00","USDC.e","USDT"
"0x39ae301d66dd180477eb9cf8107cd22f1bbff378","0xc751b73e97e2bd7d141989ba418772223db93664","0.97","52","555.80","0.7540","25/03/15 20:03:00","USDC.e","USDT"
"0x68594bcb3a39b1b80723bea6649b5bc6dab1c513","0x7c0e966462208ddbc7bc7621a458aa09c0e4a525","0.96","44","9401.62","10.6702","25/03/24 00:03:00","USDC.e","USDT"
"0x24bfae3526e246cf75d0bdb494ca7860948d37ac","0x7c0e966462208ddbc7bc7621a458aa09c0e4a525","0.91","74","1061.88","1.9406","25/02/22 00:02:00","USDC.e","USDT"
"0xc9077b4b4caf99e8fcafdd282bf732e5afdf0322","0x7c0e966462208ddbc7bc7621a458aa09c0e4a525","0.86","32","164459.03","123.4201","25/03/07 00:03:00","USDCe","USDT"
"0x29d09631eb388889ec5f89a33182b6bbffe5553f","0x7c0e966462208ddbc7bc7621a458aa09c0e4a525","0.83","46","50634.90","52.5202","25/03/21 08:03:00","USDC.e","USDT"
"0x11047ba5c5fe45e24fa78639e31acca9c9d26447","0x7c0e966462208ddbc7bc7621a458aa09c0e4a525","0.79","54","527.25","0.6091","25/03/13 22:03:00","USDC.e","USDT"
"0x86462590436713cf5292ae561ebaa94f75cd6e07","0x7c0e966462208ddbc7bc7621a458aa09c0e4a525","0.76","32","13403.48","8.9511","25/02/14 03:02:00","USDCe","USDT"
"0x43dec30f92cf1388a1e777b2644b08f4caac07d0","0xc751b73e97e2bd7d141989ba418772223db93664","0.73","81","43.11","0.0692","25/02/14 19:02:00","USDC.e","USDT"
"0x987790cd2442b3be11a5a7e3c48896317f44b374","0xc751b73e97e2bd7d141989ba418772223db93664","0.67","11","11358.80","2.2032","25/04/25 11:04:00","USDC.e","USDT"
"0xc1f466b79bd98fb0b14a9504eaae0b41acb2ab82","0x7c0e966462208ddbc7bc7621a458aa09c0e4a525","0.67","6","5096.63","0.5582","25/03/14 00:03:00","USDCe","USDT"
"0x69ebba5e2b429592483b5687a392436ba3ac15b5","0xc751b73e97e2bd7d141989ba418772223db93664","0.66","81","17.94","0.0258","25/02/14 20:02:00","USDC.e","USDT"
"0x3fafd0c2ea434227afafc78779aec331e2f9f411","0xc751b73e97e2bd7d141989ba418772223db93664","0.65","22","9995.30","3.8303","25/04/14 16:04:00","USDC.e","USDT"
"0xd55b6427ffbef64f90b8c7150e082b485dc60229","0xc751b73e97e2bd7d141989ba418772223db93664","0.65","22","999.90","0.3768","25/04/15 01:04:00","USDC.e","USDT"
"0xa734288da3ace7f9a5e5caa6df929126f2e67d52","0x7c0e966462208ddbc7bc7621a458aa09c0e4a525","0.64","10","12616.97","2.2267","25/02/18 01:02:00","USDCe","USDT"
"0x098ddb5f48ad1daa5f691c4b2ad6360e45a22747","0xc751b73e97e2bd7d141989ba418772223db93664","0.59","58","23052.20","21.2685","25/03/09 18:03:00","USDC.e","USDT"
"0x8f9dc62b5640cfaf3d55d328f6f0a1129456b70d","0xc751b73e97e2bd7d141989ba418772223db93664","0.57","78","3331.67","4.0540","25/02/17 16:02:00","USDC.e","USDT"
"0x7e25c014a6844d5ca03fc541c4275a0dc341787f","0xc751b73e97e2bd7d141989ba418772223db93664","0.57","65","149.97","0.1509","25/03/02 13:03:00","USDC.e","USDT"
"0x77f9ebeb94aae788dc46a668004622b37d3da543","0x7c0e966462208ddbc7bc7621a458aa09c0e4a525","0.53","29","2374.10","0.9655","25/04/07 22:04:00","USDC.e","USDT"
"0x8e3bbdec40e33a8a5b90bf56c6d2692088406739","0x7c0e966462208ddbc7bc7621a458aa09c0e4a525","0.53","29","2419.29","0.9854","25/04/07 22:04:00","USDC.e","USDT"
"0xf4ee4b8976cd874dfe860302546e0d9886b89034","0x7c0e966462208ddbc7bc7621a458aa09c0e4a525","0.52","67","666449.03","640.3165","25/02/13 23:02:00","USDCe","USDT"
"0x539460bd8d7d6130ce6c4a65c0b59da3b3d2da42","0x7c0e966462208ddbc7bc7621a458aa09c0e4a525","0.51","79","12768.60","13.9039","25/02/16 18:02:00","USDC.e","USDT"
"0xd75e421a43638f01d2b0f19ae42938b5264591cf","0x7c0e966462208ddbc7bc7621a458aa09c0e4a525","0.50","16","153.16","0.0338","25/02/26 20:02:00","USDCe","USDT"
"0x0c8ac71c2052366593f695ebcaa409bd3039c0f4","0x7c0e966462208ddbc7bc7621a458aa09c0e4a525","0.45","6","275.84","0.0203","25/03/14 16:03:00","USDCe","USDT"
"0x1ad9d29509059fe8ff680aa39c107103915f188a","0x7c0e966462208ddbc7bc7621a458aa09c0e4a525","0.42","77","10117.40","8.9177","25/02/18 13:02:00","USDC.e","USDT"
"0x6a5bbbc3c3c2aecc7c05a8ee4727c16de0272c6e","0xc751b73e97e2bd7d141989ba418772223db93664","0.39","64","19862.80","13.4875","25/03/03 03:03:00","USDC.e","USDT"
"0x9e0ef1bc1a3411001a30ea016faeab76d28bf8e3","0xc751b73e97e2bd7d141989ba418772223db93664","0.37","82","100007.00","82.1260","25/02/13 20:02:00","USDC.e","USDT"
"0x79c51606e4335d13d179eeb5bacf3e702748e8d7","0xc751b73e97e2bd7d141989ba418772223db93664","0.35","30","29997.70","8.2785","25/04/06 22:04:00","USDC.e","USDT"
"0x5388a7f24e86c9c9d855a98c2f5a339afa6a3acc","0x7c0e966462208ddbc7bc7621a458aa09c0e4a525","0.33","65","100954.04","59.5997","25/02/20 04:02:00","USDCe","USDT"
"0xa05e21550eb86462388783047da318d2de20bbda","0x7c0e966462208ddbc7bc7621a458aa09c0e4a525","0.30","75","10767.10","6.6726","25/02/20 03:02:00","USDC.e","USDT"
"0x1cc9d0615925063afe142e681b11115f65413f0d","0xc751b73e97e2bd7d141989ba418772223db93664","0.29","38","318.02","0.0949","25/03/29 16:03:00","USDC.e","USDT"
"0xe25a2931d09644cd735beded2ca265ca04c90ff1","0xc751b73e97e2bd7d141989ba418772223db93664","0.28","36","36009.70","9.9775","25/03/31 05:03:00","USDC.e","USDT"
"0x70af2e1240d4b465ba9eb7985c36a6dbefcae84c","0x7c0e966462208ddbc7bc7621a458aa09c0e4a525","0.27","54","6999.86","2.7684","25/03/13 05:03:00","USDC.e","USDT"
"0x535b3f552ba493242e9ad32a292c09d47fc1e155","0xc751b73e97e2bd7d141989ba418772223db93664","0.27","65","499.59","0.2394","25/03/02 13:03:00","USDC.e","USDT"
"0x05a2e50c5e4d724897b67b708db432a38c985f83","0x7c0e966462208ddbc7bc7621a458aa09c0e4a525","0.26","20","62330.31","8.7961","25/03/19 16:03:00","USDCe","USDT"
"0xacb17fc73cf202ebe532e107cec195d50dee61dd","0x7c0e966462208ddbc7bc7621a458aa09c0e4a525","0.25","54","147889.98","54.0398","25/02/13 20:02:00","USDCe","USDT"
"0x4a4cff9e08aa54a138b58d34b9b24b94a0a0a310","0x7c0e966462208ddbc7bc7621a458aa09c0e4a525","0.21","76","1997.90","0.8468","25/02/19 20:02:00","USDC.e","USDT"
"0x56628256a2b71b2daaf8ff9e585836166189c29f","0x7c0e966462208ddbc7bc7621a458aa09c0e4a525","0.20","1","145.60","0.0008","25/04/09 19:04:00","USDCe","USDT"
"0xa01903d55b5c88a25e4ca37702cd3b3b8344a1b6","0xc751b73e97e2bd7d141989ba418772223db93664","0.19","71","998.93","0.3653","25/02/25 00:02:00","USDC.e","USDT"
"0xc32de03e195fa0e2e59338968c37d53b7a151c98","0xc751b73e97e2bd7d141989ba418772223db93664","0.17","75","883.81","0.3023","25/02/20 23:02:00","USDC.e","USDT"
"0x0452957f4e3f80d3e066ca9fc0ca107a051bbd61","0xc751b73e97e2bd7d141989ba418772223db93664","0.17","74","1893.10","0.6497","25/02/21 03:02:00","USDC.e","USDT"
"0x8ca2731d681026f4a638b9c035bd3a3912be248c","0x7c0e966462208ddbc7bc7621a458aa09c0e4a525","0.16","56","6909.83","1.6539","25/02/18 11:02:00","USDCe","USDT"
"0x6fc0faa75d761544c9d946684a2a0ef3bf315eec","0x7c0e966462208ddbc7bc7621a458aa09c0e4a525","0.16","1","121.71","0.0005","25/02/21 07:02:00","USDCe","USDT"
"0x01ca0fae5480ba25b08c51496bf6c485c2289fbc","0x7c0e966462208ddbc7bc7621a458aa09c0e4a525","0.15","77","6000.07","1.9041","25/02/19 01:02:00","USDC.e","USDT"
"0x96d1faaca04a9eb8360724782bf65c641b671fd4","0xc751b73e97e2bd7d141989ba418772223db93664","0.14","58","1001.16","0.2242","25/03/09 05:03:00","USDC.e","USDT"
"0xa71276cacfd174a731800a106d580ebd19d7d539","0x7c0e966462208ddbc7bc7621a458aa09c0e4a525","0.14","1","493.62","0.0019","25/02/18 04:02:00","USDCe","USDT"
"0xd8f64592a4499e50b62db7ba3f01cf55521d4d1b","0x7c0e966462208ddbc7bc7621a458aa09c0e4a525","0.12","1","271.04","0.0009","25/04/07 22:04:00","USDCe","USDT"
"0x1fab9d2d12c9aa65e23bb273c856d52ffba3afaf","0x7c0e966462208ddbc7bc7621a458aa09c0e4a525","0.11","1","7.11","0.0000","25/02/14 03:02:00","USDCe","USDT"
"0xa49883f4123c2a10bbdbf095950e7f64292e29bf","0x7c0e966462208ddbc7bc7621a458aa09c0e4a525","0.10","77","247216.00","49.4811","25/02/18 06:02:00","USDC.e","USDT"
"0x1f7ee81e185192e1be41f9b169ece34b82c10d64","0x7c0e966462208ddbc7bc7621a458aa09c0e4a525","0.10","23","5000.00","0.3281","25/04/13 17:04:00","USDCe","USDT"
"0xe319a4a5528b75fcd3c168508cbe57fe15a9342a","0xc751b73e97e2bd7d141989ba418772223db93664","0.09","77","49.95","0.0098","25/02/18 06:02:00","USDC.e","USDT"
"0xa3b28ec5df206112f437b494554d963f1f573b38","0xc751b73e97e2bd7d141989ba418772223db93664","0.08","74","399.86","0.0653","25/02/21 19:02:00","USDC.e","USDT"
"0x96e3e323966713a1f56dbb5d5bfabb28b2e4b428","0x7c0e966462208ddbc7bc7621a458aa09c0e4a525","0.08","37","14732.18","1.1792","25/03/12 02:03:00","USDCe","USDT"
"0x6d1e0084a6910a8803ab7c22483a1a2db3f1001a","0xc751b73e97e2bd7d141989ba418772223db93664","0.07","81","249.76","0.0376","25/02/14 22:02:00","USDC.e","USDT"
"0xf9a6bc526c39925485946ffd93923ca0906ab8f2","0xc751b73e97e2bd7d141989ba418772223db93664","0.06","78","514621.00","67.1239","25/02/17 21:02:00","USDC.e","USDT"
"0x5b9147976d5f1046c78e1ef035a609471cd92dea","0x7c0e966462208ddbc7bc7621a458aa09c0e4a525","0.05","81","11002.30","1.2379","25/02/14 02:02:00","USDC.e","USDT"
"0x0a83763edcb48973c7007d6100cc87056266e2aa","0x7c0e966462208ddbc7bc7621a458aa09c0e4a525","0.03","1","1000.00","0.0008","25/04/09 16:04:00","USDCe","USDT"
"0x667ff148b40829f1d224a1d76ad943e901885c38","0xc751b73e97e2bd7d141989ba418772223db93664","0.02","41","100.34","0.0018","25/03/27 00:03:00","USDC.e","USDT"
"0x70f67eaf22af6748eb0cd247c348975bb547306b","0x7c0e966462208ddbc7bc7621a458aa09c0e4a525","0.02","44","4018.60","0.0989","25/02/19 03:02:00","USDCe","USDT"
"0x5736d09295919f8c40ead0f1035a0e7ddc3e8c12","0x7c0e966462208ddbc7bc7621a458aa09c0e4a525","0.01","28","3444.08","0.0136","25/04/09 00:04:00","USDC.e","USDT"
"0x9a6940e51f181850a4aecaeb077e7e21251029cf","0x7c0e966462208ddbc7bc7621a458aa09c0e4a525","0.01","1","312.49","0.0001","25/02/16 20:02:00","USDCe","USDT"
"0x9220aa515cd8914d740fa6e586bb69a5de8c158d","0x7c0e966462208ddbc7bc7621a458aa09c0e4a525","0.01","1","50.24","0.0000","25/03/13 17:03:00","USDCe","USDT"
"0xffae19561c038747c5c9f79f7777c29f28c4b4ad","0xc751b73e97e2bd7d141989ba418772223db93664","0.00","82","201737.00","0.0400","25/02/13 04:02:00","USDC.e","USDT"
"0x593de19d12215c95d1fe3315d69055b9e01b70f0","0xc751b73e97e2bd7d141989ba418772223db93664","0.00","30","64432.10","0.1171","25/04/06 22:04:00","USDC.e","USDT"